Workbook

Sheet Dashboard
A1: TABLEAU DE BORD AER — PARC SOLAIRE & RESSOURCES HUMAINES
A3: Généré le 28/09/2026 — Sources : « Données sites / Répartition par antenne » (parc solaire, 499 sites) et « Données - Équipes » (personnel terrain).
A6: SITES INSTALLÉS | D6: PUISSANCE TOTALE (kWc) | G6: ANTENNES RÉSEAU SOLAIRE | J6: EFFECTIF RECOMMANDÉ (total) | M6: SITES / AGENT (moy.)
A7: =SUM('Antennes — Détail solaire'!E5:E13) -> 499 | D7: =SUM('Antennes — Détail solaire'!F5:F13) -> 32821.6 | G7: 9 | J7: =SUM('Antennes — Détail solaire'!J5:J13) -> 63 | M7: =SUM('Antennes — Détail solaire'!E5:E13)/SUM('Antennes — Détail solaire'!J5:J13) -> 7.9206349
A10: ÉQUIPES CONSTITUÉES | C10: POSTES POURVUS / REQUIS | F10: TOTAL MANQUES | H10: PERSONNEL DISPONIBLE (non affecté) | J10: MANQUE INGÉNIEURS | L10: MANQUE TECH. / CHAUFF.
A11: =COUNTIFS('Données - Équipes'!$C$5:$C$87,"Ingénieur") -> 16 | C11: =COUNTIF('Données - Équipes'!$F$5:$F$87,"OK")&" / "&(COUNTIF('Données - Équipes'!$F$5:$F$87,"OK")+COUNTIF('Données - Équipes'!$F$5:$F$87,"MANQUE")) -> 47 / 64 | F11: =COUNTIF('Données - Équipes'!$F$5:$F$87,"MANQUE") -> 17 | H11: =COUNTA('Données - Équipes'!$A$91:$A$104) -> 14 | J11: =COUNTIFS('Données - Équipes'!$C$5:$C$87,"Ingénieur",'Données - Équipes'!$F$5:$F$87,"MANQUE")&" / 16" -> 10 / 16 | L11: =COUNTIFS('Données - Équipes'!$C$5:$C$87,"Technicien 1",'Données - Équipes'!$F$5:$F$87,"MANQUE")+COUNTIFS('Données - Équipes'!$C$5:$C$87,"Technicien 2",'Données - Équipes'!$F$5:$F$87,"MANQUE")&" / 32 — "&COUNTIFS('Données - Équipes'!$C$5:$C$87,"Chauffeur",'Données - Équipes'!$F$5:$F$87,"MANQUE")&" / 16" -> 3 / 32 — 4 / 16
A12: PARC SOLAIRE — CHARGE ET DIMENSIONNEMENT PAR ANTENNE
A14: Antenne | B14: Type | C14: Régions / départements couverts | D14: Nb sites | E14: Puissance (kWc) | F14: Effectif recommandé | G14: % des sites | H14: Sites / agent
A15: Antenne Bamenda | B15: Principale | C15: Nord-Ouest, Ouest | D15: ='Antennes — Détail solaire'!E5 -> 79 | E15: ='Antennes — Détail solaire'!F5 -> 5234.6 | F15: ='Antennes — Détail solaire'!J5 -> 9 | G15: =D15/$D$24 -> 0.15831663 | H15: =IFERROR(D15/F15,0) -> 8.7777778
A16: Antenne Limbé | B16: Principale | C16: Littoral (hors Moungo), Sud-Ouest (hors Kupé) | D16: ='Antennes — Détail solaire'!E6 -> 50 | E16: ='Antennes — Détail solaire'!F6 -> 2677.6 | F16: ='Antennes — Détail solaire'!J6 -> 6 | G16: =D16/$D$24 -> 0.1002004 | H16: =IFERROR(D16/F16,0) -> 8.3333333
A17: Antenne Nkongsamba | B17: Annexe | C17: Moungo, Kupé-Manenguba, Nyong-et-Kellé | D17: ='Antennes — Détail solaire'!E7 -> 29 | E17: ='Antennes — Détail solaire'!F7 -> 1433.6 | F17: ='Antennes — Détail solaire'!J7 -> 5 | G17: =D17/$D$24 -> 0.058116232 | H17: =IFERROR(D17/F17,0) -> 5.8
A18: Antenne Garoua | B18: Principale | C18: Nord | D18: ='Antennes — Détail solaire'!E8 -> 46 | E18: ='Antennes — Détail solaire'!F8 -> 4341 | F18: ='Antennes — Détail solaire'!J8 -> 6 | G18: =D18/$D$24 -> 0.092184369 | H18: =IFERROR(D18/F18,0) -> 7.6666667
A19: Antenne Maroua | B19: Annexe | C19: Extrême-Nord | D19: ='Antennes — Détail solaire'!E9 -> 34 | E19: ='Antennes — Détail solaire'!F9 -> 3110.4 | F19: ='Antennes — Détail solaire'!J9 -> 6 | G19: =D19/$D$24 -> 0.068136273 | H19: =IFERROR(D19/F19,0) -> 5.6666667
A20: Antenne Ngaoundéré | B20: Annexe | C20: Adamaoua | D20: ='Antennes — Détail solaire'!E10 -> 55 | E20: ='Antennes — Détail solaire'!F10 -> 4312.8 | F20: ='Antennes — Détail solaire'!J10 -> 7 | G20: =D20/$D$24 -> 0.11022044 | H20: =IFERROR(D20/F20,0) -> 7.8571429
A21: Siège Yaoundé | B21: Principale | C21: Centre (reste) | D21: ='Antennes — Détail solaire'!E11 -> 71 | E21: ='Antennes — Détail solaire'!F11 -> 4015.2 | F21: ='Antennes — Détail solaire'!J11 -> 8 | G21: =D21/$D$24 -> 0.14228457 | H21: =IFERROR(D21/F21,0) -> 8.875
A22: Antenne Bertoua | B22: Annexe | C22: Est, Nyong-et-Mfoumou, Haute-Sanaga | D22: ='Antennes — Détail solaire'!E12 -> 68 | E22: ='Antennes — Détail solaire'!F12 -> 4498.2 | F22: ='Antennes — Détail solaire'!J12 -> 8 | G22: =D22/$D$24 -> 0.13627255 | H22: =IFERROR(D22/F22,0) -> 8.5
A23: Antenne Ebolowa | B23: Annexe | C23: Sud, Nyong-et-So'o | D23: ='Antennes — Détail solaire'!E13 -> 67 | E23: ='Antennes — Détail solaire'!F13 -> 3198.2 | F23: ='Antennes — Détail solaire'!J13 -> 8 | G23: =D23/$D$24 -> 0.13426854 | H23: =IFERROR(D23/F23,0) -> 8.375
A24: TOTAL (9 antennes) | D24: =SUM(D15:D23) -> 499 | E24: =SUM(E15:E23) -> 32821.6 | F24: =SUM(F15:F23) -> 63 | G24: =SUM(G15:G23) -> 1
A26: RESSOURCES HUMAINES — MANQUES PAR ANTENNE (déploiement terrain actuel)
A28: Antenne (nomenclature RH) | B28: Région (hypothèse) | C28: Ingénieur manquant | D28: Technicien manquant | E28: Chauffeur manquant | F28: Total manques | G28: Postes pourvus
A29: Extreme-Nord | B29: Extrême-Nord | C29: =COUNTIFS('Données - Équipes'!$G$5:$G$87,"Antenne Extreme-Nord",'Données - Équipes'!$C$5:$C$87,"Ingénieur",'Données - Équipes'!$F$5:$F$87,"MANQUE") -> 1 | D29: =COUNTIFS('Données - Équipes'!$G$5:$G$87,"Antenne Extreme-Nord",'Données - Équipes'!$C$5:$C$87,"Technicien 1",'Données - Équipes'!$F$5:$F$87,"MANQUE")+COUNTIFS('Données - Équipes'!$G$5:$G$87,"Antenne Extreme-Nord",'Données - Équipes'!$C$5:$C$87,"Technicien 2",'Données - Équipes'!$F$5:$F$87,"MANQUE") -> 0 | E29: =COUNTIFS('Données - Équipes'!$G$5:$G$87,"Antenne Extreme-Nord",'Données - Équipes'!$C$5:$C$87,"Chauffeur",'Données - Équipes'!$F$5:$F$87,"MANQUE") -> 0 | F29: =SUM(C29:E29) -> 1 | G29: =COUNTIFS('Données - Équipes'!$G$5:$G$87,"Antenne Extreme-Nord",'Données - Équipes'!$F$5:$F$87,"OK")&"/"&(COUNTIFS('Données - Équipes'!$G$5:$G$87,"Antenne Extreme-Nord",'Données - Équipes'!$F$5:$F$87,"OK")+COUNTIFS('Données - Équipes'!$G$5:$G$87,"Antenne Extreme-Nord",'Données - Équipes'!$F$5:$F$87,"MANQUE")) -> 3/4
A30: Nord | B30: Nord | C30: =COUNTIFS('Données - Équipes'!$G$5:$G$87,"Antenne Nord",'Données - Équipes'!$C$5:$C$87,"Ingénieur",'Données - Équipes'!$F$5:$F$87,"MANQUE") -> 1 | D30: =COUNTIFS('Données - Équipes'!$G$5:$G$87,"Antenne Nord",'Données - Équipes'!$C$5:$C$87,"Technicien 1",'Données - Équipes'!$F$5:$F$87,"MANQUE")+COUNTIFS('Données - Équipes'!$G$5:$G$87,"Antenne Nord",'Données - Équipes'!$C$5:$C$87,"Technicien 2",'Données - Équipes'!$F$5:$F$87,"MANQUE") -> 1 | E30: =COUNTIFS('Données - Équipes'!$G$5:$G$87,"Antenne Nord",'Données - Équipes'!$C$5:$C$87,"Chauffeur",'Données - Équipes'!$F$5:$F$87,"MANQUE") -> 1 | F30: =SUM(C30:E30) -> 3 | G30: =COUNTIFS('Données - Équipes'!$G$5:$G$87,"Antenne Nord",'Données - Équipes'!$F$5:$F$87,"OK")&"/"&(COUNTIFS('Données - Équipes'!$G$5:$G$87,"Antenne Nord",'Données - Équipes'!$F$5:$F$87,"OK")+COUNTIFS('Données - Équipes'!$G$5:$G$87,"Antenne Nord",'Données - Équipes'!$F$5:$F$87,"MANQUE")) -> 5/8
A31: Nord-Ouest | B31: Nord-Ouest | C31: =COUNTIFS('Données - Équipes'!$G$5:$G$87,"Antenne Nord-Ouest",'Données - Équipes'!$C$5:$C$87,"Ingénieur",'Données - Équipes'!$F$5:$F$87,"MANQUE") -> 2 | D31: =COUNTIFS('Données - Équipes'!$G$5:$G$87,"Antenne Nord-Ouest",'Données - Équipes'!$C$5:$C$87,"Technicien 1",'Données - Équipes'!$F$5:$F$87,"MANQUE")+COUNTIFS('Données - Équipes'!$G$5:$G$87,"Antenne Nord-Ouest",'Données - Équipes'!$C$5:$C$87,"Technicien 2",'Données - Équipes'!$F$5:$F$87,"MANQUE") -> 0 | E31: =COUNTIFS('Données - Équipes'!$G$5:$G$87,"Antenne Nord-Ouest",'Données - Équipes'!$C$5:$C$87,"Chauffeur",'Données - Équipes'!$F$5:$F$87,"MANQUE") -> 2 | F31: =SUM(C31:E31) -> 4 | G31: =COUNTIFS('Données - Équipes'!$G$5:$G$87,"Antenne Nord-Ouest",'Données - Équipes'!$F$5:$F$87,"OK")&"/"&(COUNTIFS('Données - Équipes'!$G$5:$G$87,"Antenne Nord-Ouest",'Données - Équipes'!$F$5:$F$87,"OK")+COUNTIFS('Données - Équipes'!$G$5:$G$87,"Antenne Nord-Ouest",'Données - Équipes'!$F$5:$F$87,"MANQUE")) -> 8/12
A32: Adamaoua | B32: Adamaoua | C32: =COUNTIFS('Données - Équipes'!$G$5:$G$87,"Antenne Adamaoua",'Données - Équipes'!$C$5:$C$87,"Ingénieur",'Données - Équipes'!$F$5:$F$87,"MANQUE") -> 0 | D32: =COUNTIFS('Données - Équipes'!$G$5:$G$87,"Antenne Adamaoua",'Données - Équipes'!$C$5:$C$87,"Technicien 1",'Données - Équipes'!$F$5:$F$87,"MANQUE")+COUNTIFS('Données - Équipes'!$G$5:$G$87,"Antenne Adamaoua",'Données - Équipes'!$C$5:$C$87,"Technicien 2",'Données - Équipes'!$F$5:$F$87,"MANQUE") -> 1 | E32: =COUNTIFS('Données - Équipes'!$G$5:$G$87,"Antenne Adamaoua",'Données - Équipes'!$C$5:$C$87,"Chauffeur",'Données - Équipes'!$F$5:$F$87,"MANQUE") -> 0 | F32: =SUM(C32:E32) -> 1 | G32: =COUNTIFS('Données - Équipes'!$G$5:$G$87,"Antenne Adamaoua",'Données - Équipes'!$F$5:$F$87,"OK")&"/"&(COUNTIFS('Données - Équipes'!$G$5:$G$87,"Antenne Adamaoua",'Données - Équipes'!$F$5:$F$87,"OK")+COUNTIFS('Données - Équipes'!$G$5:$G$87,"Antenne Adamaoua",'Données - Équipes'!$F$5:$F$87,"MANQUE")) -> 3/4
A33: Est | B33: Est | C33: =COUNTIFS('Données - Équipes'!$G$5:$G$87,"Antenne Est",'Données - Équipes'!$C$5:$C$87,"Ingénieur",'Données - Équipes'!$F$5:$F$87,"MANQUE") -> 2 | D33: =COUNTIFS('Données - Équipes'!$G$5:$G$87,"Antenne Est",'Données - Équipes'!$C$5:$C$87,"Technicien 1",'Données - Équipes'!$F$5:$F$87,"MANQUE")+COUNTIFS('Données - Équipes'!$G$5:$G$87,"Antenne Est",'Données - Équipes'!$C$5:$C$87,"Technicien 2",'Données - Équipes'!$F$5:$F$87,"MANQUE") -> 0 | E33: =COUNTIFS('Données - Équipes'!$G$5:$G$87,"Antenne Est",'Données - Équipes'!$C$5:$C$87,"Chauffeur",'Données - Équipes'!$F$5:$F$87,"MANQUE") -> 0 | F33: =SUM(C33:E33) -> 2 | G33: =COUNTIFS('Données - Équipes'!$G$5:$G$87,"Antenne Est",'Données - Équipes'!$F$5:$F$87,"OK")&"/"&(COUNTIFS('Données - Équipes'!$G$5:$G$87,"Antenne Est",'Données - Équipes'!$F$5:$F$87,"OK")+COUNTIFS('Données - Équipes'!$G$5:$G$87,"Antenne Est",'Données - Équipes'!$F$5:$F$87,"MANQUE")) -> 6/8
A34: Sud - Centre | B34: Sud & Centre* | C34: =COUNTIFS('Données - Équipes'!$G$5:$G$87,"Antenne Sud - Centre",'Données - Équipes'!$C$5:$C$87,"Ingénieur",'Données - Équipes'!$F$5:$F$87,"MANQUE") -> 1 | D34: =COUNTIFS('Données - Équipes'!$G$5:$G$87,"Antenne Sud - Centre",'Données - Équipes'!$C$5:$C$87,"Technicien 1",'Données - Équipes'!$F$5:$F$87,"MANQUE")+COUNTIFS('Données - Équipes'!$G$5:$G$87,"Antenne Sud - Centre",'Données - Équipes'!$C$5:$C$87,"Technicien 2",'Données - Équipes'!$F$5:$F$87,"MANQUE") -> 0 | E34: =COUNTIFS('Données - Équipes'!$G$5:$G$87,"Antenne Sud - Centre",'Données - Équipes'!$C$5:$C$87,"Chauffeur",'Données - Équipes'!$F$5:$F$87,"MANQUE") -> 1 | F34: =SUM(C34:E34) -> 2 | G34: =COUNTIFS('Données - Équipes'!$G$5:$G$87,"Antenne Sud - Centre",'Données - Équipes'!$F$5:$F$87,"OK")&"/"&(COUNTIFS('Données - Équipes'!$G$5:$G$87,"Antenne Sud - Centre",'Données - Équipes'!$F$5:$F$87,"OK")+COUNTIFS('Données - Équipes'!$G$5:$G$87,"Antenne Sud - Centre",'Données - Équipes'!$F$5:$F$87,"MANQUE")) -> 6/8
A35: Sud-Ouest | B35: Sud-Ouest | C35: =COUNTIFS('Données - Équipes'!$G$5:$G$87,"Antenne Sud-Ouest",'Données - Équipes'!$C$5:$C$87,"Ingénieur",'Données - Équipes'!$F$5:$F$87,"MANQUE") -> 1 | D35: =COUNTIFS('Données - Équipes'!$G$5:$G$87,"Antenne Sud-Ouest",'Données - Équipes'!$C$5:$C$87,"Technicien 1",'Données - Équipes'!$F$5:$F$87,"MANQUE")+COUNTIFS('Données - Équipes'!$G$5:$G$87,"Antenne Sud-Ouest",'Données - Équipes'!$C$5:$C$87,"Technicien 2",'Données - Équipes'!$F$5:$F$87,"MANQUE") -> 0 | E35: =COUNTIFS('Données - Équipes'!$G$5:$G$87,"Antenne Sud-Ouest",'Données - Équipes'!$C$5:$C$87,"Chauffeur",'Données - Équipes'!$F$5:$F$87,"MANQUE") -> 0 | F35: =SUM(C35:E35) -> 1 | G35: =COUNTIFS('Données - Équipes'!$G$5:$G$87,"Antenne Sud-Ouest",'Données - Équipes'!$F$5:$F$87,"OK")&"/"&(COUNTIFS('Données - Équipes'!$G$5:$G$87,"Antenne Sud-Ouest",'Données - Équipes'!$F$5:$F$87,"OK")+COUNTIFS('Données - Équipes'!$G$5:$G$87,"Antenne Sud-Ouest",'Données - Équipes'!$F$5:$F$87,"MANQUE")) -> 3/4
A36: Sud-Ouest NKONSAMBA | B36: Littoral* | C36: =COUNTIFS('Données - Équipes'!$G$5:$G$87,"Annexe Sud-Ouest NKONSAMBA",'Données - Équipes'!$C$5:$C$87,"Ingénieur",'Données - Équipes'!$F$5:$F$87,"MANQUE") -> 2 | D36: =COUNTIFS('Données - Équipes'!$G$5:$G$87,"Annexe Sud-Ouest NKONSAMBA",'Données - Équipes'!$C$5:$C$87,"Technicien 1",'Données - Équipes'!$F$5:$F$87,"MANQUE")+COUNTIFS('Données - Équipes'!$G$5:$G$87,"Annexe Sud-Ouest NKONSAMBA",'Données - Équipes'!$C$5:$C$87,"Technicien 2",'Données - Équipes'!$F$5:$F$87,"MANQUE") -> 0 | E36: =COUNTIFS('Données - Équipes'!$G$5:$G$87,"Annexe Sud-Ouest NKONSAMBA",'Données - Équipes'!$C$5:$C$87,"Chauffeur",'Données - Équipes'!$F$5:$F$87,"MANQUE") -> 0 | F36: =SUM(C36:E36) -> 2 | G36: =COUNTIFS('Données - Équipes'!$G$5:$G$87,"Annexe Sud-Ouest NKONSAMBA",'Données - Équipes'!$F$5:$F$87,"OK")&"/"&(COUNTIFS('Données - Équipes'!$G$5:$G$87,"Annexe Sud-Ouest NKONSAMBA",'Données - Équipes'!$F$5:$F$87,"OK")+COUNTIFS('Données - Équipes'!$G$5:$G$87,"Annexe Sud-Ouest NKONSAMBA",'Données - Équipes'!$F$5:$F$87,"MANQUE")) -> 6/8
A37: Siège Yaoundé | B37: Centre (Siège) | C37: =COUNTIFS('Données - Équipes'!$G$5:$G$87,"Siege Yaoundé",'Données - Équipes'!$C$5:$C$87,"Ingénieur",'Données - Équipes'!$F$5:$F$87,"MANQUE") -> 0 | D37: =COUNTIFS('Données - Équipes'!$G$5:$G$87,"Siege Yaoundé",'Données - Équipes'!$C$5:$C$87,"Technicien 1",'Données - Équipes'!$F$5:$F$87,"MANQUE")+COUNTIFS('Données - Équipes'!$G$5:$G$87,"Siege Yaoundé",'Données - Équipes'!$C$5:$C$87,"Technicien 2",'Données - Équipes'!$F$5:$F$87,"MANQUE") -> 1 | E37: =COUNTIFS('Données - Équipes'!$G$5:$G$87,"Siege Yaoundé",'Données - Équipes'!$C$5:$C$87,"Chauffeur",'Données - Équipes'!$F$5:$F$87,"MANQUE") -> 0 | F37: =SUM(C37:E37) -> 1 | G37: =COUNTIFS('Données - Équipes'!$G$5:$G$87,"Siege Yaoundé",'Données - Équipes'!$F$5:$F$87,"OK")&"/"&(COUNTIFS('Données - Équipes'!$G$5:$G$87,"Siege Yaoundé",'Données - Équipes'!$F$5:$F$87,"OK")+COUNTIFS('Données - Équipes'!$G$5:$G$87,"Siege Yaoundé",'Données - Équipes'!$F$5:$F$87,"MANQUE")) -> 7/8
A38: TOTAL (9 antennes / 16 équipes) | C38: =SUM(C29:C37) -> 10 | D38: =SUM(D29:D37) -> 3 | E38: =SUM(E29:E37) -> 4 | F38: =SUM(F29:F37) -> 17
A40: MANQUES PAR PROFIL | H40: STATUT DES 16 ÉQUIPES (OK / manquant)
A42: Profil | B42: Besoin (16 équipes) | C42: Présent | D42: Manque | E42: Disponible (non affecté) | H42: Équipe (antenne — zone) | I42: Ingénieur | J42: Technicien 1 | K42: Technicien 2 | L42: Chauffeur | M42: Statut équipe
A43: Ingénieur | B43: 16 | C43: =COUNTIFS('Données - Équipes'!$C$5:$C$87,"Ingénieur",'Données - Équipes'!$F$5:$F$87,"OK") -> 6 | D43: =COUNTIFS('Données - Équipes'!$C$5:$C$87,"Ingénieur",'Données - Équipes'!$F$5:$F$87,"MANQUE") -> 10 | E43: =COUNTIF('Données - Équipes'!$C$91:$C$104,"Ingénieur") -> 3 | H43: Extrême-Nord — Z1 | I43: =IF(COUNTIFS('Données - Équipes'!$G$5:$G$87,"Antenne Extreme-Nord",'Données - Équipes'!$I$5:$I$87,1,'Données - Équipes'!$C$5:$C$87,"Ingénieur",'Données - Équipes'!$F$5:$F$87,"OK")>0,"OK","—") -> — | J43: =IF(COUNTIFS('Données - Équipes'!$G$5:$G$87,"Antenne Extreme-Nord",'Données - Équipes'!$I$5:$I$87,1,'Données - Équipes'!$C$5:$C$87,"Technicien 1",'Données - Équipes'!$F$5:$F$87,"OK")>0,"OK","—") -> OK | K43: =IF(COUNTIFS('Données - Équipes'!$G$5:$G$87,"Antenne Extreme-Nord",'Données - Équipes'!$I$5:$I$87,1,'Données - Équipes'!$C$5:$C$87,"Technicien 2",'Données - Équipes'!$F$5:$F$87,"OK")>0,"OK","—") -> OK | L43: =IF(COUNTIFS('Données - Équipes'!$G$5:$G$87,"Antenne Extreme-Nord",'Données - Équipes'!$I$5:$I$87,1,'Données - Équipes'!$C$5:$C$87,"Chauffeur",'Données - Équipes'!$F$5:$F$87,"OK")>0,"OK","—") -> OK | M43: =IF(COUNTIF(I43:L43,"OK")=4,"Complète",IF(COUNTIF(I43:L43,"OK")=0,"Critique","Partielle")) -> Partielle
A44: Technicien | B44: 32 | C44: =COUNTIFS('Données - Équipes'!$C$5:$C$87,"Technicien 1",'Données - Équipes'!$F$5:$F$87,"OK")+COUNTIFS('Données - Équipes'!$C$5:$C$87,"Technicien 2",'Données - Équipes'!$F$5:$F$87,"OK") -> 29 | D44: =COUNTIFS('Données - Équipes'!$C$5:$C$87,"Technicien 1",'Données - Équipes'!$F$5:$F$87,"MANQUE")+COUNTIFS('Données - Équipes'!$C$5:$C$87,"Technicien 2",'Données - Équipes'!$F$5:$F$87,"MANQUE") -> 3 | E44: =COUNTIF('Données - Équipes'!$C$91:$C$104,"Technicien") -> 3 | H44: Nord — Z1 | I44: =IF(COUNTIFS('Données - Équipes'!$G$5:$G$87,"Antenne Nord",'Données - Équipes'!$I$5:$I$87,1,'Données - Équipes'!$C$5:$C$87,"Ingénieur",'Données - Équipes'!$F$5:$F$87,"OK")>0,"OK","—") -> OK | J44: =IF(COUNTIFS('Données - Équipes'!$G$5:$G$87,"Antenne Nord",'Données - Équipes'!$I$5:$I$87,1,'Données - Équipes'!$C$5:$C$87,"Technicien 1",'Données - Équipes'!$F$5:$F$87,"OK")>0,"OK","—") -> OK | K44: =IF(COUNTIFS('Données - Équipes'!$G$5:$G$87,"Antenne Nord",'Données - Équipes'!$I$5:$I$87,1,'Données - Équipes'!$C$5:$C$87,"Technicien 2",'Données - Équipes'!$F$5:$F$87,"OK")>0,"OK","—") -> — | L44: =IF(COUNTIFS('Données - Équipes'!$G$5:$G$87,"Antenne Nord",'Données - Équipes'!$I$5:$I$87,1,'Données - Équipes'!$C$5:$C$87,"Chauffeur",'Données - Équipes'!$F$5:$F$87,"OK")>0,"OK","—") -> — | M44: =IF(COUNTIF(I44:L44,"OK")=4,"Complète",IF(COUNTIF(I44:L44,"OK")=0,"Critique","Partielle")) -> Partielle
A45: Chauffeur | B45: 16 | C45: =COUNTIFS('Données - Équipes'!$C$5:$C$87,"Chauffeur",'Données - Équipes'!$F$5:$F$87,"OK") -> 12 | D45: =COUNTIFS('Données - Équipes'!$C$5:$C$87,"Chauffeur",'Données - Équipes'!$F$5:$F$87,"MANQUE") -> 4 | E45: =COUNTIF('Données - Équipes'!$C$91:$C$104,"Chauffeur") -> 0 | H45: Nord — Z2 | I45: =IF(COUNTIFS('Données - Équipes'!$G$5:$G$87,"Antenne Nord",'Données - Équipes'!$I$5:$I$87,2,'Données - Équipes'!$C$5:$C$87,"Ingénieur",'Données - Équipes'!$F$5:$F$87,"OK")>0,"OK","—") -> — | J45: =IF(COUNTIFS('Données - Équipes'!$G$5:$G$87,"Antenne Nord",'Données - Équipes'!$I$5:$I$87,2,'Données - Équipes'!$C$5:$C$87,"Technicien 1",'Données - Équipes'!$F$5:$F$87,"OK")>0,"OK","—") -> OK | K45: =IF(COUNTIFS('Données - Équipes'!$G$5:$G$87,"Antenne Nord",'Données - Équipes'!$I$5:$I$87,2,'Données - Équipes'!$C$5:$C$87,"Technicien 2",'Données - Équipes'!$F$5:$F$87,"OK")>0,"OK","—") -> OK | L45: =IF(COUNTIFS('Données - Équipes'!$G$5:$G$87,"Antenne Nord",'Données - Équipes'!$I$5:$I$87,2,'Données - Équipes'!$C$5:$C$87,"Chauffeur",'Données - Équipes'!$F$5:$F$87,"OK")>0,"OK","—") -> OK | M45: =IF(COUNTIF(I45:L45,"OK")=4,"Complète",IF(COUNTIF(I45:L45,"OK")=0,"Critique","Partielle")) -> Partielle
A46: TOTAL | B46: =SUM(B43:B45) -> 64 | C46: =SUM(C43:C45) -> 47 | D46: =SUM(D43:D45) -> 17 | E46: =SUM(E43:E45) -> 6 | H46: Nord-Ouest — Z1 | I46: =IF(COUNTIFS('Données - Équipes'!$G$5:$G$87,"Antenne Nord-Ouest",'Données - Équipes'!$I$5:$I$87,1,'Données - Équipes'!$C$5:$C$87,"Ingénieur",'Données - Équipes'!$F$5:$F$87,"OK")>0,"OK","—") -> OK | J46: =IF(COUNTIFS('Données - Équipes'!$G$5:$G$87,"Antenne Nord-Ouest",'Données - Équipes'!$I$5:$I$87,1,'Données - Équipes'!$C$5:$C$87,"Technicien 1",'Données - Équipes'!$F$5:$F$87,"OK")>0,"OK","—") -> OK | K46: =IF(COUNTIFS('Données - Équipes'!$G$5:$G$87,"Antenne Nord-Ouest",'Données - Équipes'!$I$5:$I$87,1,'Données - Équipes'!$C$5:$C$87,"Technicien 2",'Données - Équipes'!$F$5:$F$87,"OK")>0,"OK","—") -> OK | L46: =IF(COUNTIFS('Données - Équipes'!$G$5:$G$87,"Antenne Nord-Ouest",'Données - Équipes'!$I$5:$I$87,1,'Données - Équipes'!$C$5:$C$87,"Chauffeur",'Données - Équipes'!$F$5:$F$87,"OK")>0,"OK","—") -> OK | M46: =IF(COUNTIF(I46:L46,"OK")=4,"Complète",IF(COUNTIF(I46:L46,"OK")=0,"Critique","Partielle")) -> Complète
H47: Nord-Ouest — Z2 | I47: =IF(COUNTIFS('Données - Équipes'!$G$5:$G$87,"Antenne Nord-Ouest",'Données - Équipes'!$I$5:$I$87,2,'Données - Équipes'!$C$5:$C$87,"Ingénieur",'Données - Équipes'!$F$5:$F$87,"OK")>0,"OK","—") -> — | J47: =IF(COUNTIFS('Données - Équipes'!$G$5:$G$87,"Antenne Nord-Ouest",'Données - Équipes'!$I$5:$I$87,2,'Données - Équipes'!$C$5:$C$87,"Technicien 1",'Données - Équipes'!$F$5:$F$87,"OK")>0,"OK","—") -> OK | K47: =IF(COUNTIFS('Données - Équipes'!$G$5:$G$87,"Antenne Nord-Ouest",'Données - Équipes'!$I$5:$I$87,2,'Données - Équipes'!$C$5:$C$87,"Technicien 2",'Données - Équipes'!$F$5:$F$87,"OK")>0,"OK","—") -> OK | L47: =IF(COUNTIFS('Données - Équipes'!$G$5:$G$87,"Antenne Nord-Ouest",'Données - Équipes'!$I$5:$I$87,2,'Données - Équipes'!$C$5:$C$87,"Chauffeur",'Données - Équipes'!$F$5:$F$87,"OK")>0,"OK","—") -> — | M47: =IF(COUNTIF(I47:L47,"OK")=4,"Complète",IF(COUNTIF(I47:L47,"OK")=0,"Critique","Partielle")) -> Partielle
H48: Nord-Ouest — Z3 | I48: =IF(COUNTIFS('Données - Équipes'!$G$5:$G$87,"Antenne Nord-Ouest",'Données - Équipes'!$I$5:$I$87,3,'Données - Équipes'!$C$5:$C$87,"Ingénieur",'Données - Équipes'!$F$5:$F$87,"OK")>0,"OK","—") -> — | J48: =IF(COUNTIFS('Données - Équipes'!$G$5:$G$87,"Antenne Nord-Ouest",'Données - Équipes'!$I$5:$I$87,3,'Données - Équipes'!$C$5:$C$87,"Technicien 1",'Données - Équipes'!$F$5:$F$87,"OK")>0,"OK","—") -> OK | K48: =IF(COUNTIFS('Données - Équipes'!$G$5:$G$87,"Antenne Nord-Ouest",'Données - Équipes'!$I$5:$I$87,3,'Données - Équipes'!$C$5:$C$87,"Technicien 2",'Données - Équipes'!$F$5:$F$87,"OK")>0,"OK","—") -> OK | L48: =IF(COUNTIFS('Données - Équipes'!$G$5:$G$87,"Antenne Nord-Ouest",'Données - Équipes'!$I$5:$I$87,3,'Données - Équipes'!$C$5:$C$87,"Chauffeur",'Données - Équipes'!$F$5:$F$87,"OK")>0,"OK","—") -> — | M48: =IF(COUNTIF(I48:L48,"OK")=4,"Complète",IF(COUNTIF(I48:L48,"OK")=0,"Critique","Partielle")) -> Partielle
H49: Adamaoua — Z1 | I49: =IF(COUNTIFS('Données - Équipes'!$G$5:$G$87,"Antenne Adamaoua",'Données - Équipes'!$I$5:$I$87,1,'Données - Équipes'!$C$5:$C$87,"Ingénieur",'Données - Équipes'!$F$5:$F$87,"OK")>0,"OK","—") -> OK | J49: =IF(COUNTIFS('Données - Équipes'!$G$5:$G$87,"Antenne Adamaoua",'Données - Équipes'!$I$5:$I$87,1,'Données - Équipes'!$C$5:$C$87,"Technicien 1",'Données - Équipes'!$F$5:$F$87,"OK")>0,"OK","—") -> OK | K49: =IF(COUNTIFS('Données - Équipes'!$G$5:$G$87,"Antenne Adamaoua",'Données - Équipes'!$I$5:$I$87,1,'Données - Équipes'!$C$5:$C$87,"Technicien 2",'Données - Équipes'!$F$5:$F$87,"OK")>0,"OK","—") -> — | L49: =IF(COUNTIFS('Données - Équipes'!$G$5:$G$87,"Antenne Adamaoua",'Données - Équipes'!$I$5:$I$87,1,'Données - Équipes'!$C$5:$C$87,"Chauffeur",'Données - Équipes'!$F$5:$F$87,"OK")>0,"OK","—") -> OK | M49: =IF(COUNTIF(I49:L49,"OK")=4,"Complète",IF(COUNTIF(I49:L49,"OK")=0,"Critique","Partielle")) -> Partielle
H50: Est — Z1 | I50: =IF(COUNTIFS('Données - Équipes'!$G$5:$G$87,"Antenne Est",'Données - Équipes'!$I$5:$I$87,1,'Données - Équipes'!$C$5:$C$87,"Ingénieur",'Données - Équipes'!$F$5:$F$87,"OK")>0,"OK","—") -> — | J50: =IF(COUNTIFS('Données - Équipes'!$G$5:$G$87,"Antenne Est",'Données - Équipes'!$I$5:$I$87,1,'Données - Équipes'!$C$5:$C$87,"Technicien 1",'Données - Équipes'!$F$5:$F$87,"OK")>0,"OK","—") -> OK | K50: =IF(COUNTIFS('Données - Équipes'!$G$5:$G$87,"Antenne Est",'Données - Équipes'!$I$5:$I$87,1,'Données - Équipes'!$C$5:$C$87,"Technicien 2",'Données - Équipes'!$F$5:$F$87,"OK")>0,"OK","—") -> OK | L50: =IF(COUNTIFS('Données - Équipes'!$G$5:$G$87,"Antenne Est",'Données - Équipes'!$I$5:$I$87,1,'Données - Équipes'!$C$5:$C$87,"Chauffeur",'Données - Équipes'!$F$5:$F$87,"OK")>0,"OK","—") -> OK | M50: =IF(COUNTIF(I50:L50,"OK")=4,"Complète",IF(COUNTIF(I50:L50,"OK")=0,"Critique","Partielle")) -> Partielle
H51: Est — Z2 | I51: =IF(COUNTIFS('Données - Équipes'!$G$5:$G$87,"Antenne Est",'Données - Équipes'!$I$5:$I$87,2,'Données - Équipes'!$C$5:$C$87,"Ingénieur",'Données - Équipes'!$F$5:$F$87,"OK")>0,"OK","—") -> — | J51: =IF(COUNTIFS('Données - Équipes'!$G$5:$G$87,"Antenne Est",'Données - Équipes'!$I$5:$I$87,2,'Données - Équipes'!$C$5:$C$87,"Technicien 1",'Données - Équipes'!$F$5:$F$87,"OK")>0,"OK","—") -> OK | K51: =IF(COUNTIFS('Données - Équipes'!$G$5:$G$87,"Antenne Est",'Données - Équipes'!$I$5:$I$87,2,'Données - Équipes'!$C$5:$C$87,"Technicien 2",'Données - Équipes'!$F$5:$F$87,"OK")>0,"OK","—") -> OK | L51: =IF(COUNTIFS('Données - Équipes'!$G$5:$G$87,"Antenne Est",'Données - Équipes'!$I$5:$I$87,2,'Données - Équipes'!$C$5:$C$87,"Chauffeur",'Données - Équipes'!$F$5:$F$87,"OK")>0,"OK","—") -> OK | M51: =IF(COUNTIF(I51:L51,"OK")=4,"Complète",IF(COUNTIF(I51:L51,"OK")=0,"Critique","Partielle")) -> Partielle
H52: Sud - Centre — Z1 | I52: =IF(COUNTIFS('Données - Équipes'!$G$5:$G$87,"Antenne Sud - Centre",'Données - Équipes'!$I$5:$I$87,1,'Données - Équipes'!$C$5:$C$87,"Ingénieur",'Données - Équipes'!$F$5:$F$87,"OK")>0,"OK","—") -> OK | J52: =IF(COUNTIFS('Données - Équipes'!$G$5:$G$87,"Antenne Sud - Centre",'Données - Équipes'!$I$5:$I$87,1,'Données - Équipes'!$C$5:$C$87,"Technicien 1",'Données - Équipes'!$F$5:$F$87,"OK")>0,"OK","—") -> OK | K52: =IF(COUNTIFS('Données - Équipes'!$G$5:$G$87,"Antenne Sud - Centre",'Données - Équipes'!$I$5:$I$87,1,'Données - Équipes'!$C$5:$C$87,"Technicien 2",'Données - Équipes'!$F$5:$F$87,"OK")>0,"OK","—") -> OK | L52: =IF(COUNTIFS('Données - Équipes'!$G$5:$G$87,"Antenne Sud - Centre",'Données - Équipes'!$I$5:$I$87,1,'Données - Équipes'!$C$5:$C$87,"Chauffeur",'Données - Équipes'!$F$5:$F$87,"OK")>0,"OK","—") -> OK | M52: =IF(COUNTIF(I52:L52,"OK")=4,"Complète",IF(COUNTIF(I52:L52,"OK")=0,"Critique","Partielle")) -> Complète
H53: Sud - Centre — Z2 | I53: =IF(COUNTIFS('Données - Équipes'!$G$5:$G$87,"Antenne Sud - Centre",'Données - Équipes'!$I$5:$I$87,2,'Données - Équipes'!$C$5:$C$87,"Ingénieur",'Données - Équipes'!$F$5:$F$87,"OK")>0,"OK","—") -> — | J53: =IF(COUNTIFS('Données - Équipes'!$G$5:$G$87,"Antenne Sud - Centre",'Données - Équipes'!$I$5:$I$87,2,'Données - Équipes'!$C$5:$C$87,"Technicien 1",'Données - Équipes'!$F$5:$F$87,"OK")>0,"OK","—") -> OK | K53: =IF(COUNTIFS('Données - Équipes'!$G$5:$G$87,"Antenne Sud - Centre",'Données - Équipes'!$I$5:$I$87,2,'Données - Équipes'!$C$5:$C$87,"Technicien 2",'Données - Équipes'!$F$5:$F$87,"OK")>0,"OK","—") -> OK | L53: =IF(COUNTIFS('Données - Équipes'!$G$5:$G$87,"Antenne Sud - Centre",'Données - Équipes'!$I$5:$I$87,2,'Données - Équipes'!$C$5:$C$87,"Chauffeur",'Données - Équipes'!$F$5:$F$87,"OK")>0,"OK","—") -> — | M53: =IF(COUNTIF(I53:L53,"OK")=4,"Complète",IF(COUNTIF(I53:L53,"OK")=0,"Critique","Partielle")) -> Partielle
H54: Sud-Ouest — Z1 | I54: =IF(COUNTIFS('Données - Équipes'!$G$5:$G$87,"Antenne Sud-Ouest",'Données - Équipes'!$I$5:$I$87,1,'Données - Équipes'!$C$5:$C$87,"Ingénieur",'Données - Équipes'!$F$5:$F$87,"OK")>0,"OK","—") -> — | J54: =IF(COUNTIFS('Données - Équipes'!$G$5:$G$87,"Antenne Sud-Ouest",'Données - Équipes'!$I$5:$I$87,1,'Données - Équipes'!$C$5:$C$87,"Technicien 1",'Données - Équipes'!$F$5:$F$87,"OK")>0,"OK","—") -> OK | K54: =IF(COUNTIFS('Données - Équipes'!$G$5:$G$87,"Antenne Sud-Ouest",'Données - Équipes'!$I$5:$I$87,1,'Données - Équipes'!$C$5:$C$87,"Technicien 2",'Données - Équipes'!$F$5:$F$87,"OK")>0,"OK","—") -> OK | L54: =IF(COUNTIFS('Données - Équipes'!$G$5:$G$87,"Antenne Sud-Ouest",'Données - Équipes'!$I$5:$I$87,1,'Données - Équipes'!$C$5:$C$87,"Chauffeur",'Données - Équipes'!$F$5:$F$87,"OK")>0,"OK","—") -> OK | M54: =IF(COUNTIF(I54:L54,"OK")=4,"Complète",IF(COUNTIF(I54:L54,"OK")=0,"Critique","Partielle")) -> Partielle
H55: NKONSAMBA — Z1 | I55: =IF(COUNTIFS('Données - Équipes'!$G$5:$G$87,"Annexe Sud-Ouest NKONSAMBA",'Données - Équipes'!$I$5:$I$87,1,'Données - Équipes'!$C$5:$C$87,"Ingénieur",'Données - Équipes'!$F$5:$F$87,"OK")>0,"OK","—") -> — | J55: =IF(COUNTIFS('Données - Équipes'!$G$5:$G$87,"Annexe Sud-Ouest NKONSAMBA",'Données - Équipes'!$I$5:$I$87,1,'Données - Équipes'!$C$5:$C$87,"Technicien 1",'Données - Équipes'!$F$5:$F$87,"OK")>0,"OK","—") -> OK | K55: =IF(COUNTIFS('Données - Équipes'!$G$5:$G$87,"Annexe Sud-Ouest NKONSAMBA",'Données - Équipes'!$I$5:$I$87,1,'Données - Équipes'!$C$5:$C$87,"Technicien 2",'Données - Équipes'!$F$5:$F$87,"OK")>0,"OK","—") -> OK | L55: =IF(COUNTIFS('Données - Équipes'!$G$5:$G$87,"Annexe Sud-Ouest NKONSAMBA",'Données - Équipes'!$I$5:$I$87,1,'Données - Équipes'!$C$5:$C$87,"Chauffeur",'Données - Équipes'!$F$5:$F$87,"OK")>0,"OK","—") -> OK | M55: =IF(COUNTIF(I55:L55,"OK")=4,"Complète",IF(COUNTIF(I55:L55,"OK")=0,"Critique","Partielle")) -> Partielle
H56: NKONSAMBA — Z2 | I56: =IF(COUNTIFS('Données - Équipes'!$G$5:$G$87,"Annexe Sud-Ouest NKONSAMBA",'Données - Équipes'!$I$5:$I$87,2,'Données - Équipes'!$C$5:$C$87,"Ingénieur",'Données - Équipes'!$F$5:$F$87,"OK")>0,"OK","—") -> — | J56: =IF(COUNTIFS('Données - Équipes'!$G$5:$G$87,"Annexe Sud-Ouest NKONSAMBA",'Données - Équipes'!$I$5:$I$87,2,'Données - Équipes'!$C$5:$C$87,"Technicien 1",'Données - Équipes'!$F$5:$F$87,"OK")>0,"OK","—") -> OK | K56: =IF(COUNTIFS('Données - Équipes'!$G$5:$G$87,"Annexe Sud-Ouest NKONSAMBA",'Données - Équipes'!$I$5:$I$87,2,'Données - Équipes'!$C$5:$C$87,"Technicien 2",'Données - Équipes'!$F$5:$F$87,"OK")>0,"OK","—") -> OK | L56: =IF(COUNTIFS('Données - Équipes'!$G$5:$G$87,"Annexe Sud-Ouest NKONSAMBA",'Données - Équipes'!$I$5:$I$87,2,'Données - Équipes'!$C$5:$C$87,"Chauffeur",'Données - Équipes'!$F$5:$F$87,"OK")>0,"OK","—") -> OK | M56: =IF(COUNTIF(I56:L56,"OK")=4,"Complète",IF(COUNTIF(I56:L56,"OK")=0,"Critique","Partielle")) -> Partielle
H57: Siège Yaoundé — Z1 | I57: =IF(COUNTIFS('Données - Équipes'!$G$5:$G$87,"Siege Yaoundé",'Données - Équipes'!$I$5:$I$87,1,'Données - Équipes'!$C$5:$C$87,"Ingénieur",'Données - Équipes'!$F$5:$F$87,"OK")>0,"OK","—") -> OK | J57: =IF(COUNTIFS('Données - Équipes'!$G$5:$G$87,"Siege Yaoundé",'Données - Équipes'!$I$5:$I$87,1,'Données - Équipes'!$C$5:$C$87,"Technicien 1",'Données - Équipes'!$F$5:$F$87,"OK")>0,"OK","—") -> OK | K57: =IF(COUNTIFS('Données - Équipes'!$G$5:$G$87,"Siege Yaoundé",'Données - Équipes'!$I$5:$I$87,1,'Données - Équipes'!$C$5:$C$87,"Technicien 2",'Données - Équipes'!$F$5:$F$87,"OK")>0,"OK","—") -> — | L57: =IF(COUNTIFS('Données - Équipes'!$G$5:$G$87,"Siege Yaoundé",'Données - Équipes'!$I$5:$I$87,1,'Données - Équipes'!$C$5:$C$87,"Chauffeur",'Données - Équipes'!$F$5:$F$87,"OK")>0,"OK","—") -> OK | M57: =IF(COUNTIF(I57:L57,"OK")=4,"Complète",IF(COUNTIF(I57:L57,"OK")=0,"Critique","Partielle")) -> Partielle
H58: Siège Yaoundé — Z2 | I58: =IF(COUNTIFS('Données - Équipes'!$G$5:$G$87,"Siege Yaoundé",'Données - Équipes'!$I$5:$I$87,2,'Données - Équipes'!$C$5:$C$87,"Ingénieur",'Données - Équipes'!$F$5:$F$87,"OK")>0,"OK","—") -> OK | J58: =IF(COUNTIFS('Données - Équipes'!$G$5:$G$87,"Siege Yaoundé",'Données - Équipes'!$I$5:$I$87,2,'Données - Équipes'!$C$5:$C$87,"Technicien 1",'Données - Équipes'!$F$5:$F$87,"OK")>0,"OK","—") -> OK | K58: =IF(COUNTIFS('Données - Équipes'!$G$5:$G$87,"Siege Yaoundé",'Données - Équipes'!$I$5:$I$87,2,'Données - Équipes'!$C$5:$C$87,"Technicien 2",'Données - Équipes'!$F$5:$F$87,"OK")>0,"OK","—") -> OK | L58: =IF(COUNTIFS('Données - Équipes'!$G$5:$G$87,"Siege Yaoundé",'Données - Équipes'!$I$5:$I$87,2,'Données - Équipes'!$C$5:$C$87,"Chauffeur",'Données - Équipes'!$F$5:$F$87,"OK")>0,"OK","—") -> OK | M58: =IF(COUNTIF(I58:L58,"OK")=4,"Complète",IF(COUNTIF(I58:L58,"OK")=0,"Critique","Partielle")) -> Complète
A61: PLAN D'ACTION PRIORITAIRE — RECRUTEMENT / REDÉPLOIEMENT
A63: Rang | B63: Équipe (antenne — zone) | C63: Postes manquants | D63: Profils manquants | E63: Recommandation
A64: 1 | B64: Nord — Z1 | C64: 2 | D64: Chauffeur, Technicien | E64: redéployer 1 Technicien(s) du pool non affecté ; recrutement externe requis pour 1 Chauffeur(s) (pool national épuisé).
A65: 2 | B65: Nord-Ouest — Z2 | C65: 2 | D65: Chauffeur, Ingénieur | E65: redéployer 1 Ingénieur(s) du pool non affecté ; recrutement externe requis pour 1 Chauffeur(s) (pool national épuisé).
A66: 3 | B66: Nord-Ouest — Z3 | C66: 2 | D66: Chauffeur, Ingénieur | E66: redéployer 1 Ingénieur(s) du pool non affecté ; recrutement externe requis pour 1 Chauffeur(s) (pool national épuisé).
A67: 4 | B67: Sud - Centre — Z2 | C67: 2 | D67: Chauffeur, Ingénieur | E67: redéployer 1 Ingénieur(s) du pool non affecté ; recrutement externe requis pour 1 Chauffeur(s) (pool national épuisé).
A68: 5 | B68: Extrême-Nord — Z1 | C68: 1 | D68: Ingénieur | E68: recrutement externe requis pour 1 Ingénieur(s) (pool national épuisé).
A69: 6 | B69: Nord — Z2 | C69: 1 | D69: Ingénieur | E69: recrutement externe requis pour 1 Ingénieur(s) (pool national épuisé).
A70: 7 | B70: Adamaoua — Z1 | C70: 1 | D70: Technicien | E70: redéployer 1 Technicien(s) du pool non affecté.
A71: 8 | B71: Est — Z1 | C71: 1 | D71: Ingénieur | E71: recrutement externe requis pour 1 Ingénieur(s) (pool national épuisé).
A72: 9 | B72: Est — Z2 | C72: 1 | D72: Ingénieur | E72: recrutement externe requis pour 1 Ingénieur(s) (pool national épuisé).
A73: 10 | B73: Sud-Ouest — Z1 | C73: 1 | D73: Ingénieur | E73: recrutement externe requis pour 1 Ingénieur(s) (pool national épuisé).
A74: 11 | B74: NKONSAMBA — Z1 | C74: 1 | D74: Ingénieur | E74: recrutement externe requis pour 1 Ingénieur(s) (pool national épuisé).
A75: 12 | B75: NKONSAMBA — Z2 | C75: 1 | D75: Ingénieur | E75: recrutement externe requis pour 1 Ingénieur(s) (pool national épuisé).
... A79: 16 | B79: Siège Yaoundé — Z2 | C79: 0 | D79: — | E79: Équipe complète — aucune action requise.
A82: VISUALISATIONS | Q82: Statut | R82: Nb équipes
Q83: Complète | R83: =COUNTIF($M$43:$M$58,"Complète") -> 3
Q84: Partielle | R84: =COUNTIF($M$43:$M$58,"Partielle") -> 13
Q85: Critique | R85: =COUNTIF($M$43:$M$58,"Critique") -> 0
A138: Note méthodologique importante : le réseau d'antennes du parc solaire (9 antennes nommées par ville — Bamenda, Limbé, Nkongsamba, Garoua, Maroua, Ngaoundéré, Siège Yaoundé, Bertoua, Ebolowa) et le réseau d'antennes du fichier RH (9 antennes nommées par région — Extrême-Nord, Nord, Nord-Ouest, Adamaoua, Est, Sud - Centre, Sud-Ouest, Nkongsamba, Siège Yaoundé) suivent deux découpages géographiques différents et ne se recouvrent pas antenne pour antenne (ex. « Antenne Bamenda » couvre aussi l'Ouest, absent du découpage RH ; « Antenne Sud-Ouest » RH et « Antenne Limbé » solaire ne couvrent pas exactement le même périmètre). Les deux blocs de ce tableau de bord sont donc présentés côte à côte mais ne doivent pas être additionnés antenne par antenne sans confirmation préalable de votre part. Détail complet des hypothèses : voir la feuille « Notes & méthodologie ».

Sheet Notes & méthodologie
A1: NOTES & MÉTHODOLOGIE — TABLEAU DE BORD AER (PARC SOLAIRE & RESSOURCES HUMAINES)
A3: A. Parc solaire — nettoyage des données et règles de rattachement (499 sites)
A5: 1. Régions harmonisées en français : « North » → Nord, « South-West » → Sud-Ouest, etc.
A6: 2. Départements harmonisés : variantes orthographiques unifiées (ex. « Mayo Rey I / II » → Mayo-Rey, « Kupe-Menenguba / KupeMuanenguba » → Kupé-Manenguba, « Mungo / Moungo » → Moungo).
A7: 3. Coordonnées : la Phase 2, fournie au format texte « N6.42 E13.38 », a été convertie en degrés décimaux numériques pour homogénéité avec les Phases 1 et 3.
A9: 4. Hypothèse non confirmée : vous avez indiqué « le département proche du Moungo du Sud-Ouest » sans le nommer. Kupé-Manenguba est le département du Sud-Ouest directement limitrophe du Moungo, mais Meme (Kumba) reste une alternative géographiquement plausible. À confirmer avant diffusion officielle — un changement ici déplace environ 15 à 20 sites entre Nkongsamba et Limbé.
A11: 5. Dimensionnement du personnel (feuille « Antennes — Détail solaire ») : chaque antenne reçoit un socle fixe de 2 postes (chef d'antenne + assistant administratif et financier), puis des ingénieurs techniques et des agents de développement communautaire au prorata du nombre de sites gérés (1 ingénieur / 25 sites, 1 agent communautaire / 30 sites — seuils modifiables en cellules N2:N3 de cette feuille, toute la feuille recalcule automatiquement). Cette règle est une proposition de départ, pas une norme validée par l'AER.
A13: B. Ressources humaines terrain — composition d'équipe et affectations (feuille « Données - Équipes »)
A15: 1. Composition d'équipe appliquée : 1 Ingénieur + 2 Techniciens + 1 Chauffeur par zone, sur les 16 zones (y compris Siège Yaoundé), sans exception.
A16: 2. Le profil de chaque agent est repris de son poste réel dans le fichier du personnel — pas du libellé de créneau (« Technicien 1 », etc.).
A17: 2 bis. Règles de correspondance poste → profil confirmées par vous : « Agent de maîtrise » et « Employé » (cas de MBELE Ben Thierry, Antenne Sud - Centre zone 2) comptent comme Technicien ; « Chef service » et « Architecte » comptent comme Ingénieur.
A18: 2 ter. Titres proches non couverts par votre règle, laissés en « Autre » par prudence (à confirmer si vous voulez les inclure) : « Chef d'Antenne » (NGUONAM Clement Tangjua, personnel non affecté) et les « Sous-Directeur » / « S/D » (postes de direction au Siège, personnel non affecté) — ce ne sont ni des « Chef service » ni des « Ingénieur » au sens strict du poste indiqué.
... A42: 4. Le plan d'action et le graphique de complétude sont calculés à partir des mêmes données sources que le reste du tableau de bord au moment de la génération de ce fichier ; si vous modifiez à nouveau les affectations dans « Données - Équipes », redemandez une régénération pour que ce plan reste synchronisé (contrairement aux formules Excel natives du reste du tableau de bord, qui recalculent automatiquement).

Sheet Antennes — Détail solaire
A1: ÉQUILIBRE DE LA CHARGE ET DIMENSIONNEMENT DU PERSONNEL PAR ANTENNE | N1: PARAMÈTRES
A2: Règle de dimensionnement (modifiable en cellules N2:N4) : 1 chef d'antenne + 1 assistant administratif par antenne (fixe) ; 1 ingénieur technique par tranche de 25 sites (minimum 1) ; 1 agent de développement communautaire par tranche de 30 sites (minimum 1). Toutes les cellules d'effectif sont des formules — modifier les seuils en N2:N4 recalcule automatiquement l'ensemble. | M2: Sites par ingénieur technique | N2: 25
M3: Sites par agent communautaire | N3: 30
A4: Antenne | B4: Type | C4: Rattachée à | D4: Régions / départements couverts | E4: Nb sites | F4: Puissance totale (kWc) | G4: Chef + admin | H4: Ingénieurs techniques | I4: Agents communautaires | J4: Effectif total | K4: Sites par agent | L4: % du total sites | M4: % de la puissance totale | N4: 2
A5: Antenne Bamenda | B5: Principale | D5: Nord-Ouest, Ouest | E5: =COUNTIF('Répartition par antenne'!$A$5:$A$503,$A5) -> 79 | F5: =SUMIF('Répartition par antenne'!$A$5:$A$503,$A5,'Répartition par antenne'!$E$5:$E$503) -> 5234.6 | G5: =$N$4 -> 2 | H5: =MAX(1,ROUNDUP(E5/$N$2,0)) -> 4 | I5: =MAX(1,ROUNDUP(E5/$N$3,0)) -> 3 | J5: =G5+H5+I5 -> 9 | K5: =IFERROR(E5/J5,0) -> 8.7777778 | L5: =E5/499 -> 0.15831663 | M5: =F5/32821.6 -> 0.15948644
A6: Antenne Limbé | B6: Principale | D6: Littoral (hors Moungo), Sud-Ouest (hors Kupé-Manenguba) | E6: =COUNTIF('Répartition par antenne'!$A$5:$A$503,$A6) -> 50 | F6: =SUMIF('Répartition par antenne'!$A$5:$A$503,$A6,'Répartition par antenne'!$E$5:$E$503) -> 2677.6 | G6: =$N$4 -> 2 | H6: =MAX(1,ROUNDUP(E6/$N$2,0)) -> 2 | I6: =MAX(1,ROUNDUP(E6/$N$3,0)) -> 2 | J6: =G6+H6+I6 -> 6 | K6: =IFERROR(E6/J6,0) -> 8.3333333 | L6: =E6/499 -> 0.1002004 | M6: =F6/32821.6 -> 0.081580423
A7: Antenne Nkongsamba | B7: Annexe | C7: Antenne Limbé | D7: Moungo, Kupé-Manenguba, Nyong-et-Kellé | E7: =COUNTIF('Répartition par antenne'!$A$5:$A$503,$A7) -> 29 | F7: =SUMIF('Répartition par antenne'!$A$5:$A$503,$A7,'Répartition par antenne'!$E$5:$E$503) -> 1433.6 | G7: =$N$4 -> 2 | H7: =MAX(1,ROUNDUP(E7/$N$2,0)) -> 2 | I7: =MAX(1,ROUNDUP(E7/$N$3,0)) -> 1 | J7: =G7+H7+I7 -> 5 | K7: =IFERROR(E7/J7,0) -> 5.8 | L7: =E7/499 -> 0.058116232 | M7: =F7/32821.6 -> 0.043678553
A8: Antenne Garoua | B8: Principale | D8: Nord | E8: =COUNTIF('Répartition par antenne'!$A$5:$A$503,$A8) -> 46 | F8: =SUMIF('Répartition par antenne'!$A$5:$A$503,$A8,'Répartition par antenne'!$E$5:$E$503) -> 4341 | G8: =$N$4 -> 2 | H8: =MAX(1,ROUNDUP(E8/$N$2,0)) -> 2 | I8: =MAX(1,ROUNDUP(E8/$N$3,0)) -> 2 | J8: =G8+H8+I8 -> 6 | K8: =IFERROR(E8/J8,0) -> 7.6666667 | L8: =E8/499 -> 0.092184369 | M8: =F8/32821.6 -> 0.13226046
A9: Antenne Maroua | B9: Annexe | C9: Antenne Garoua | D9: Extrême-Nord | E9: =COUNTIF('Répartition par antenne'!$A$5:$A$503,$A9) -> 34 | F9: =SUMIF('Répartition par antenne'!$A$5:$A$503,$A9,'Répartition par antenne'!$E$5:$E$503) -> 3110.4 | G9: =$N$4 -> 2 | H9: =MAX(1,ROUNDUP(E9/$N$2,0)) -> 2 | I9: =MAX(1,ROUNDUP(E9/$N$3,0)) -> 2 | J9: =G9+H9+I9 -> 6 | K9: =IFERROR(E9/J9,0) -> 5.6666667 | L9: =E9/499 -> 0.068136273 | M9: =F9/32821.6 -> 0.094766861
A10: Antenne Ngaoundéré | B10: Annexe | C10: Antenne Garoua | D10: Adamaoua | E10: =COUNTIF('Répartition par antenne'!$A$5:$A$503,$A10) -> 55 | F10: =SUMIF('Répartition par antenne'!$A$5:$A$503,$A10,'Répartition par antenne'!$E$5:$E$503) -> 4312.8 | G10: =$N$4 -> 2 | H10: =MAX(1,ROUNDUP(E10/$N$2,0)) -> 3 | I10: =MAX(1,ROUNDUP(E10/$N$3,0)) -> 2 | J10: =G10+H10+I10 -> 7 | K10: =IFERROR(E10/J10,0) -> 7.8571429 | L10: =E10/499 -> 0.11022044 | M10: =F10/32821.6 -> 0.13140127
A11: Siège Yaoundé | B11: Principale | D11: Centre — reste (Lekié, Mbam-et-Inoubou, Mbam-et-Kim, Mefou-et-Afamba, Mefou-et-Akono) | E11: =COUNTIF('Répartition par antenne'!$A$5:$A$503,$A11) -> 71 | F11: =SUMIF('Répartition par antenne'!$A$5:$A$503,$A11,'Répartition par antenne'!$E$5:$E$503) -> 4015.2 | G11: =$N$4 -> 2 | H11: =MAX(1,ROUNDUP(E11/$N$2,0)) -> 3 | I11: =MAX(1,ROUNDUP(E11/$N$3,0)) -> 3 | J11: =G11+H11+I11 -> 8 | K11: =IFERROR(E11/J11,0) -> 8.875 | L11: =E11/499 -> 0.14228457 | M11: =F11/32821.6 -> 0.12233407
A12: Antenne Bertoua | B12: Annexe | C12: Siège Yaoundé | D12: Est, Nyong-et-Mfoumou, Haute-Sanaga | E12: =COUNTIF('Répartition par antenne'!$A$5:$A$503,$A12) -> 68 | F12: =SUMIF('Répartition par antenne'!$A$5:$A$503,$A12,'Répartition par antenne'!$E$5:$E$503) -> 4498.2 | G12: =$N$4 -> 2 | H12: =MAX(1,ROUNDUP(E12/$N$2,0)) -> 3 | I12: =MAX(1,ROUNDUP(E12/$N$3,0)) -> 3 | J12: =G12+H12+I12 -> 8 | K12: =IFERROR(E12/J12,0) -> 8.5 | L12: =E12/499 -> 0.13627255 | M12: =F12/32821.6 -> 0.13704999
A13: Antenne Ebolowa | B13: Annexe | C13: Siège Yaoundé | D13: Sud, Nyong-et-So'o | E13: =COUNTIF('Répartition par antenne'!$A$5:$A$503,$A13) -> 67 | F13: =SUMIF('Répartition par antenne'!$A$5:$A$503,$A13,'Répartition par antenne'!$E$5:$E$503) -> 3198.2 | G13: =$N$4 -> 2 | H13: =MAX(1,ROUNDUP(E13/$N$2,0)) -> 3 | I13: =MAX(1,ROUNDUP(E13/$N$3,0)) -> 3 | J13: =G13+H13+I13 -> 8 | K13: =IFERROR(E13/J13,0) -> 8.375 | L13: =E13/499 -> 0.13426854 | M13: =F13/32821.6 -> 0.097441928
A14: TOTAL | E14: =SUM(E5:E13) -> 499 | F14: =SUM(F5:F13) -> 32821.6 | J14: =SUM(J5:J13) -> 63
A16: VUE PAR GROUPE (antenne principale + ses annexes)
A17: Groupe | B17: Nb sites (groupe) | C17: Puissance (kWc, groupe) | D17: Effectif (groupe) | E17: % du total sites
A18: Antenne Bamenda | B18: =SUM(E5:E5) -> 79 | C18: =SUM(F5:F5) -> 5234.6 | D18: =SUM(J5:J5) -> 9 | E18: =B18/499 -> 0.15831663
A19: Antenne Limbé | B19: =SUM(E6:E7) -> 79 | C19: =SUM(F6:F7) -> 4111.2 | D19: =SUM(J6:J7) -> 11 | E19: =B19/499 -> 0.15831663
A20: Antenne Garoua | B20: =SUM(E8:E10) -> 135 | C20: =SUM(F8:F10) -> 11764.2 | D20: =SUM(J8:J10) -> 19 | E20: =B20/499 -> 0.27054108
A21: Siège Yaoundé | B21: =SUM(E11:E13) -> 206 | C21: =SUM(F11:F13) -> 11711.6 | D21: =SUM(J11:J13) -> 24 | E21: =B21/499 -> 0.41282565
A22: TOTAL | B22: =B18+B19+B20+B21 -> 499 | C22: =C18+C19+C20+C21 -> 32821.6 | D22: =D18+D19+D20+D21 -> 63 | E22: =E19+E18+E20+E21 -> 1
A24: CONSTAT
A25: Structure hiérarchique à 4 antennes principales (Bamenda, Limbé, Garoua, Siège Yaoundé) et 5 annexes (Nkongsamba, Maroua, Ngaoundéré, Bertoua, Ebolowa). Les 499 sites sont intégralement couverts. L'effectif total se calcule automatiquement en colonne J — voir l'onglet Organigramme pour la représentation hiérarchique.
A27: Hypothèse à confirmer : le département de Kupé-Manenguba (Sud-Ouest) a été rattaché à Nkongsamba comme « département proche du Moungo » — Meme (Kumba) reste une alternative possible si votre intention était différente.

Sheet Répartition par antenne
A1: RÉPARTITION DES 499 SITES PAR ANTENNE PROPOSÉE
A2: Répartition transmise par l'AER (7 antennes + 1siege + 1 annexe)
A4: Antenne proposée | B4: Région | C4: Département | D4: Nom du site | E4: Puissance (kWc) | F4: Phase
A5: Antenne Bamenda | B5: Nord-Ouest | C5: Boyo | D5: Baiso | E5: 21.6 | F5: Phase 3
A6: Antenne Bamenda | B6: Nord-Ouest | C6: Boyo | D6: Bua Bua | E6: 100 | F6: Phase 1
A7: Antenne Bamenda | B7: Nord-Ouest | C7: Boyo | D7: Ekwijua | E7: 21.6 | F7: Phase 3
A8: Antenne Bamenda | B8: Nord-Ouest | C8: Boyo | D8: Fonfuka | E8: 80 | F8: Phase 1
A9: Antenne Bamenda | B9: Nord-Ouest | C9: Boyo | D9: Kimbi | E9: 81 | F9: Phase 3
A10: Antenne Bamenda | B10: Nord-Ouest | C10: Boyo | D10: Mejang | E10: 21.6 | F10: Phase 3
A11: Antenne Bamenda | B11: Nord-Ouest | C11: Boyo | D11: Nbueni | E11: 54 | F11: Phase 3
A12: Antenne Bamenda | B12: Nord-Ouest | C12: Bui | D12: Ndzevru | E12: 81 | F12: Phase 3
A13: Antenne Bamenda | B13: Nord-Ouest | C13: Bui | D13: Ngashie | E13: 140.4 | F13: Phase 3
A14: Antenne Bamenda | B14: Nord-Ouest | C14: Bui | D14: Ngendzen | E14: 81 | F14: Phase 3
A15: Antenne Bamenda | B15: Nord-Ouest | C15: Bui | D15: Sarkir | E15: 32.4 | F15: Phase 3
A16: Antenne Bamenda | B16: Nord-Ouest | C16: Donga-Mantung | D16: Akwenko | E16: 32.4 | F16: Phase 2
... A503: Siège Yaoundé | B503: Centre | C503: Mefou-et-Akono | D503: Songmimbias | E503: 54 | F503: Phase 3

Sheet Synthèse par région
A1: RÉPARTITION DES CENTRALES SOLAIRES PAR RÉGION, DÉPARTEMENT ET ARRONDISSEMENT
A2: Phases 1, 2 et 3 du programme national 499 sites au total.
A4: Région | B4: Département | C4: Arrondissement | D4: Nb sites | E4: Puissance totale (kWc) | F4: Puissance moyenne (kWc) | I4: antennes | J4: visites/mois =1
A5: Centre | D5: =COUNTIFS('Données sites'!$D$2:$D$500,$A5) -> 106 | E5: =SUMIFS('Données sites'!$G$2:$G$500,'Données sites'!$D$2:$D$500,$A5) -> 5363.4 | F5: =IFERROR(E5/D5,0) -> 50.598113 | I5: extreme-nord | J5: =D227/30 -> 1.1333333 | K5: 1
B6: Mbam-et-Kim | C6: Ngambe-Tikar | D6: =COUNTIFS('Données sites'!$D$2:$D$500,$A$5,'Données sites'!$E$2:$E$500,$B6,'Données sites'!$F$2:$F$500,$C6) -> 3 | E6: =SUMIFS('Données sites'!$G$2:$G$500,'Données sites'!$D$2:$D$500,$A$5,'Données sites'!$E$2:$E$500,$B6,'Données sites'!$F$2:$F$500,$C6) -> 280 | F6: =IFERROR(E6/D6,0) -> 93.333333 | I6: nord-ouest | J6: 2.6333333 | K6: 3
B7: Mbam-et-Kim | C7: Ngoro | D7: =COUNTIFS('Données sites'!$D$2:$D$500,$A$5,'Données sites'!$E$2:$E$500,$B7,'Données sites'!$F$2:$F$500,$C7) -> 3 | E7: =SUMIFS('Données sites'!$G$2:$G$500,'Données sites'!$D$2:$D$500,$A$5,'Données sites'!$E$2:$E$500,$B7,'Données sites'!$F$2:$F$500,$C7) -> 214 | F7: =IFERROR(E7/D7,0) -> 71.333333 | I7: nord | J7: =46/30 -> 1.5333333 | K7: 2
B8: Mbam-et-Kim | C8: Ntui | D8: =COUNTIFS('Données sites'!$D$2:$D$500,$A$5,'Données sites'!$E$2:$E$500,$B8,'Données sites'!$F$2:$F$500,$C8) -> 4 | E8: =SUMIFS('Données sites'!$G$2:$G$500,'Données sites'!$D$2:$D$500,$A$5,'Données sites'!$E$2:$E$500,$B8,'Données sites'!$F$2:$F$500,$C8) -> 330 | F8: =IFERROR(E8/D8,0) -> 82.5 | I8: adamaoua | J8: =55/30 -> 1.8333333 | K8: 2
B9: Mbam-et-Kim | C9: Yoko | D9: =COUNTIFS('Données sites'!$D$2:$D$500,$A$5,'Données sites'!$E$2:$E$500,$B9,'Données sites'!$F$2:$F$500,$C9) -> 10 | E9: =SUMIFS('Données sites'!$G$2:$G$500,'Données sites'!$D$2:$D$500,$A$5,'Données sites'!$E$2:$E$500,$B9,'Données sites'!$F$2:$F$500,$C9) -> 465 | F9: =IFERROR(E9/D9,0) -> 46.5 | I9: est | J9: =49/30 -> 1.6333333 | K9: 2
B10: Mefou-et-Akono | C10: Akono | D10: =COUNTIFS('Données sites'!$D$2:$D$500,$A$5,'Données sites'!$E$2:$E$500,$B10,'Données sites'!$F$2:$F$500,$C10) -> 5 | E10: =SUMIFS('Données sites'!$G$2:$G$500,'Données sites'!$D$2:$D$500,$A$5,'Données sites'!$E$2:$E$500,$B10,'Données sites'!$F$2:$F$500,$C10) -> 118.8 | F10: =IFERROR(E10/D10,0) -> 23.76 | I10: centre-sud | J10: =167/30 -> 5.5666667 | K10: 6
B11: Mefou-et-Akono | C11: Bikok | D11: =COUNTIFS('Données sites'!$D$2:$D$500,$A$5,'Données sites'!$E$2:$E$500,$B11,'Données sites'!$F$2:$F$500,$C11) -> 3 | E11: =SUMIFS('Données sites'!$G$2:$G$500,'Données sites'!$D$2:$D$500,$A$5,'Données sites'!$E$2:$E$500,$B11,'Données sites'!$F$2:$F$500,$C11) -> 140.4 | F11: =IFERROR(E11/D11,0) -> 46.8 | I11: sud-ouest | J11: =27/30 -> 0.9 | K11: 1
B12: Mefou-et-Akono | C12: Mbankomo | D12: =COUNTIFS('Données sites'!$D$2:$D$500,$A$5,'Données sites'!$E$2:$E$500,$B12,'Données sites'!$F$2:$F$500,$C12) -> 4 | E12: =SUMIFS('Données sites'!$G$2:$G$500,'Données sites'!$D$2:$D$500,$A$5,'Données sites'!$E$2:$E$500,$B12,'Données sites'!$F$2:$F$500,$C12) -> 97.2 | F12: =IFERROR(E12/D12,0) -> 24.3 | I12: annexe-sud ouest | J12: =42/30 -> 1.4 | K12: 1
B13: Mefou-et-Akono | C13: Ngoumou | D13: =COUNTIFS('Données sites'!$D$2:$D$500,$A$5,'Données sites'!$E$2:$E$500,$B13,'Données sites'!$F$2:$F$500,$C13) -> 5 | E13: =SUMIFS('Données sites'!$G$2:$G$500,'Données sites'!$D$2:$D$500,$A$5,'Données sites'!$E$2:$E$500,$B13,'Données sites'!$F$2:$F$500,$C13) -> 281.2 | F13: =IFERROR(E13/D13,0) -> 56.24
B14: Haute-Sanaga | C14: Afanloum | D14: =COUNTIFS('Données sites'!$D$2:$D$500,$A$5,'Données sites'!$E$2:$E$500,$B14,'Données sites'!$F$2:$F$500,$C14) -> 1 | E14: =SUMIFS('Données sites'!$G$2:$G$500,'Données sites'!$D$2:$D$500,$A$5,'Données sites'!$E$2:$E$500,$B14,'Données sites'!$F$2:$F$500,$C14) -> 81 | F14: =IFERROR(E14/D14,0) -> 81
B15: Haute-Sanaga | C15: Lembe Yezoum | D15: =COUNTIFS('Données sites'!$D$2:$D$500,$A$5,'Données sites'!$E$2:$E$500,$B15,'Données sites'!$F$2:$F$500,$C15) -> 5 | E15: =SUMIFS('Données sites'!$G$2:$G$500,'Données sites'!$D$2:$D$500,$A$5,'Données sites'!$E$2:$E$500,$B15,'Données sites'!$F$2:$F$500,$C15) -> 194 | F15: =IFERROR(E15/D15,0) -> 38.8
B16: Haute-Sanaga | C16: Lembe-Yezoum | D16: =COUNTIFS('Données sites'!$D$2:$D$500,$A$5,'Données sites'!$E$2:$E$500,$B16,'Données sites'!$F$2:$F$500,$C16) -> 2 | E16: =SUMIFS('Données sites'!$G$2:$G$500,'Données sites'!$D$2:$D$500,$A$5,'Données sites'!$E$2:$E$500,$B16,'Données sites'!$F$2:$F$500,$C16) -> 75.6 | F16: =IFERROR(E16/D16,0) -> 37.8
B17: Haute-Sanaga | C17: Minta | D17: =COUNTIFS('Données sites'!$D$2:$D$500,$A$5,'Données sites'!$E$2:$E$500,$B17,'Données sites'!$F$2:$F$500,$C17) -> 1 | E17: =SUMIFS('Données sites'!$G$2:$G$500,'Données sites'!$D$2:$D$500,$A$5,'Données sites'!$E$2:$E$500,$B17,'Données sites'!$F$2:$F$500,$C17) -> 32.4 | F17: =IFERROR(E17/D17,0) -> 32.4
B18: Haute-Sanaga | C18: Nanga Eboko | D18: =COUNTIFS('Données sites'!$D$2:$D$500,$A$5,'Données sites'!$E$2:$E$500,$B18,'Données sites'!$F$2:$F$500,$C18) -> 3 | E18: =SUMIFS('Données sites'!$G$2:$G$500,'Données sites'!$D$2:$D$500,$A$5,'Données sites'!$E$2:$E$500,$B18,'Données sites'!$F$2:$F$500,$C18) -> 97.2 | F18: =IFERROR(E18/D18,0) -> 32.4
B19: Haute-Sanaga | C19: Nanga-Eboko | D19: =COUNTIFS('Données sites'!$D$2:$D$500,$A$5,'Données sites'!$E$2:$E$500,$B19,'Données sites'!$F$2:$F$500,$C19) -> 2 | E19: =SUMIFS('Données sites'!$G$2:$G$500,'Données sites'!$D$2:$D$500,$A$5,'Données sites'!$E$2:$E$500,$B19,'Données sites'!$F$2:$F$500,$C19) -> 64.8 | F19: =IFERROR(E19/D19,0) -> 32.4
B20: Haute-Sanaga | C20: Nsem | D20: =COUNTIFS('Données sites'!$D$2:$D$500,$A$5,'Données sites'!$E$2:$E$500,$B20,'Données sites'!$F$2:$F$500,$C20) -> 2 | E20: =SUMIFS('Données sites'!$G$2:$G$500,'Données sites'!$D$2:$D$500,$A$5,'Données sites'!$E$2:$E$500,$B20,'Données sites'!$F$2:$F$500,$C20) -> 101.6 | F20: =IFERROR(E20/D20,0) -> 50.8
B21: Mbam-et-Inoubou | C21: Bokito | D21: =COUNTIFS('Données sites'!$D$2:$D$500,$A$5,'Données sites'!$E$2:$E$500,$B21,'Données sites'!$F$2:$F$500,$C21) -> 2 | E21: =SUMIFS('Données sites'!$G$2:$G$500,'Données sites'!$D$2:$D$500,$A$5,'Données sites'!$E$2:$E$500,$B21,'Données sites'!$F$2:$F$500,$C21) -> 47.4 | F21: =IFERROR(E21/D21,0) -> 23.7
B22: Mbam-et-Inoubou | C22: Deuk | D22: =COUNTIFS('Données sites'!$D$2:$D$500,$A$5,'Données sites'!$E$2:$E$500,$B22,'Données sites'!$F$2:$F$500,$C22) -> 3 | E22: =SUMIFS('Données sites'!$G$2:$G$500,'Données sites'!$D$2:$D$500,$A$5,'Données sites'!$E$2:$E$500,$B22,'Données sites'!$F$2:$F$500,$C22) -> 189 | F22: =IFERROR(E22/D22,0) -> 63
B23: Mbam-et-Inoubou | C23: KiKi | D23: =COUNTIFS('Données sites'!$D$2:$D$500,$A$5,'Données sites'!$E$2:$E$500,$B23,'Données sites'!$F$2:$F$500,$C23) -> 1 | E23: =SUMIFS('Données sites'!$G$2:$G$500,'Données sites'!$D$2:$D$500,$A$5,'Données sites'!$E$2:$E$500,$B23,'Données sites'!$F$2:$F$500,$C23) -> 81 | F23: =IFERROR(E23/D23,0) -> 81
B24: Mbam-et-Inoubou | C24: Kon-Yambetta | D24: =COUNTIFS('Données sites'!$D$2:$D$500,$A$5,'Données sites'!$E$2:$E$500,$B24,'Données sites'!$F$2:$F$500,$C24) -> 3 | E24: =SUMIFS('Données sites'!$G$2:$G$500,'Données sites'!$D$2:$D$500,$A$5,'Données sites'!$E$2:$E$500,$B24,'Données sites'!$F$2:$F$500,$C24) -> 240 | F24: =IFERROR(E24/D24,0) -> 80
... B51: Nyong-et-Mfoumou | C51: Nyakokombo | D51: =COUNTIFS('Données sites'!$D$2:$D$500,$A$5,'Données sites'!$E$2:$E$500,$B51,'Données sites'!$F$2:$F$500,$C51) -> 1 | E51: =SUMIFS('Données sites'!$G$2:$G$500,'Données sites'!$D$2:$D$500,$A$5,'Données sites'!$E$2:$E$500,$B51,'Données sites'!$F$2:$F$500,$C51) -> 97.2 | F51: =IFERROR(E51/D51,0) -> 97.2
A52: Sud | D52: =COUNTIFS('Données sites'!$D$2:$D$500,$A52) -> 61 | E52: =SUMIFS('Données sites'!$G$2:$G$500,'Données sites'!$D$2:$D$500,$A52) -> 2960.6 | F52: =IFERROR(E52/D52,0) -> 48.534426
B53: Dja-et-Lobo | C53: Bengbis | D53: =COUNTIFS('Données sites'!$D$2:$D$500,$A$52,'Données sites'!$E$2:$E$500,$B53,'Données sites'!$F$2:$F$500,$C53) -> 3 | E53: =SUMIFS('Données sites'!$G$2:$G$500,'Données sites'!$D$2:$D$500,$A$52,'Données sites'!$E$2:$E$500,$B53,'Données sites'!$F$2:$F$500,$C53) -> 156.6 | F53: =IFERROR(E53/D53,0) -> 52.2
B54: Dja-et-Lobo | C54: Djoum | D54: =COUNTIFS('Données sites'!$D$2:$D$500,$A$52,'Données sites'!$E$2:$E$500,$B54,'Données sites'!$F$2:$F$500,$C54) -> 2 | E54: =SUMIFS('Données sites'!$G$2:$G$500,'Données sites'!$D$2:$D$500,$A$52,'Données sites'!$E$2:$E$500,$B54,'Données sites'!$F$2:$F$500,$C54) -> 86.4 | F54: =IFERROR(E54/D54,0) -> 43.2
B55: Dja-et-Lobo | C55: Haut Nyong | D55: =COUNTIFS('Données sites'!$D$2:$D$500,$A$52,'Données sites'!$E$2:$E$500,$B55,'Données sites'!$F$2:$F$500,$C55) -> 1 | E55: =SUMIFS('Données sites'!$G$2:$G$500,'Données sites'!$D$2:$D$500,$A$52,'Données sites'!$E$2:$E$500,$B55,'Données sites'!$F$2:$F$500,$C55) -> 80 | F55: =IFERROR(E55/D55,0) -> 80
B56: Dja-et-Lobo | C56: MeYomessi | D56: =COUNTIFS('Données sites'!$D$2:$D$500,$A$52,'Données sites'!$E$2:$E$500,$B56,'Données sites'!$F$2:$F$500,$C56) -> 1 | E56: =SUMIFS('Données sites'!$G$2:$G$500,'Données sites'!$D$2:$D$500,$A$52,'Données sites'!$E$2:$E$500,$B56,'Données sites'!$F$2:$F$500,$C56) -> 80 | F56: =IFERROR(E56/D56,0) -> 80
B57: Dja-et-Lobo | C57: Meyomessala | D57: =COUNTIFS('Données sites'!$D$2:$D$500,$A$52,'Données sites'!$E$2:$E$500,$B57,'Données sites'!$F$2:$F$500,$C57) -> 2 | E57: =SUMIFS('Données sites'!$G$2:$G$500,'Données sites'!$D$2:$D$500,$A$52,'Données sites'!$E$2:$E$500,$B57,'Données sites'!$F$2:$F$500,$C57) -> 62.4 | F57: =IFERROR(E57/D57,0) -> 31.2
B58: Dja-et-Lobo | C58: Mintom | D58: =COUNTIFS('Données sites'!$D$2:$D$500,$A$52,'Données sites'!$E$2:$E$500,$B58,'Données sites'!$F$2:$F$500,$C58) -> 6 | E58: =SUMIFS('Données sites'!$G$2:$G$500,'Données sites'!$D$2:$D$500,$A$52,'Données sites'!$E$2:$E$500,$B58,'Données sites'!$F$2:$F$500,$C58) -> 268 | F58: =IFERROR(E58/D58,0) -> 44.666667
B59: Dja-et-Lobo | C59: Oveng | D59: =COUNTIFS('Données sites'!$D$2:$D$500,$A$52,'Données sites'!$E$2:$E$500,$B59,'Données sites'!$F$2:$F$500,$C59) -> 4 | E59: =SUMIFS('Données sites'!$G$2:$G$500,'Données sites'!$D$2:$D$500,$A$52,'Données sites'!$E$2:$E$500,$B59,'Données sites'!$F$2:$F$500,$C59) -> 186.4 | F59: =IFERROR(E59/D59,0) -> 46.6
B60: Dja-et-Lobo | C60: Sangmelima | D60: =COUNTIFS('Données sites'!$D$2:$D$500,$A$52,'Données sites'!$E$2:$E$500,$B60,'Données sites'!$F$2:$F$500,$C60) -> 1 | E60: =SUMIFS('Données sites'!$G$2:$G$500,'Données sites'!$D$2:$D$500,$A$52,'Données sites'!$E$2:$E$500,$B60,'Données sites'!$F$2:$F$500,$C60) -> 50 | F60: =IFERROR(E60/D60,0) -> 50
B61: Dja-et-Lobo | C61: Zoétélé | D61: =COUNTIFS('Données sites'!$D$2:$D$500,$A$52,'Données sites'!$E$2:$E$500,$B61,'Données sites'!$F$2:$F$500,$C61) -> 2 | E61: =SUMIFS('Données sites'!$G$2:$G$500,'Données sites'!$D$2:$D$500,$A$52,'Données sites'!$E$2:$E$500,$B61,'Données sites'!$F$2:$F$500,$C61) -> 80 | F61: =IFERROR(E61/D61,0) -> 40
B62: Mvila | C62: Biwong Bane | D62: =COUNTIFS('Données sites'!$D$2:$D$500,$A$52,'Données sites'!$E$2:$E$500,$B62,'Données sites'!$F$2:$F$500,$C62) -> 1 | E62: =SUMIFS('Données sites'!$G$2:$G$500,'Données sites'!$D$2:$D$500,$A$52,'Données sites'!$E$2:$E$500,$B62,'Données sites'!$F$2:$F$500,$C62) -> 30 | F62: =IFERROR(E62/D62,0) -> 30
B63: Mvila | C63: Biwong Bulu | D63: =COUNTIFS('Données sites'!$D$2:$D$500,$A$52,'Données sites'!$E$2:$E$500,$B63,'Données sites'!$F$2:$F$500,$C63) -> 2 | E63: =SUMIFS('Données sites'!$G$2:$G$500,'Données sites'!$D$2:$D$500,$A$52,'Données sites'!$E$2:$E$500,$B63,'Données sites'!$F$2:$F$500,$C63) -> 160 | F63: =IFERROR(E63/D63,0) -> 80
B64: Mvila | C64: Biwong-Bane | D64: =COUNTIFS('Données sites'!$D$2:$D$500,$A$52,'Données sites'!$E$2:$E$500,$B64,'Données sites'!$F$2:$F$500,$C64) -> 1 | E64: =SUMIFS('Données sites'!$G$2:$G$500,'Données sites'!$D$2:$D$500,$A$52,'Données sites'!$E$2:$E$500,$B64,'Données sites'!$F$2:$F$500,$C64) -> 21.6 | F64: =IFERROR(E64/D64,0) -> 21.6
... B83: Vallée-du-Ntem | C83: Olamze | D83: =COUNTIFS('Données sites'!$D$2:$D$500,$A$52,'Données sites'!$E$2:$E$500,$B83,'Données sites'!$F$2:$F$500,$C83) -> 1 | E83: =SUMIFS('Données sites'!$G$2:$G$500,'Données sites'!$D$2:$D$500,$A$52,'Données sites'!$E$2:$E$500,$B83,'Données sites'!$F$2:$F$500,$C83) -> 54 | F83: =IFERROR(E83/D83,0) -> 54
A84: Adamaoua | D84: =COUNTIFS('Données sites'!$D$2:$D$500,$A84) -> 55 | E84: =SUMIFS('Données sites'!$G$2:$G$500,'Données sites'!$D$2:$D$500,$A84) -> 4312.8 | F84: =IFERROR(E84/D84,0) -> 78.414545
B85: Mayo-Banyo | C85: Bamkim | D85: =COUNTIFS('Données sites'!$D$2:$D$500,$A$84,'Données sites'!$E$2:$E$500,$B85,'Données sites'!$F$2:$F$500,$C85) -> 1 | E85: =SUMIFS('Données sites'!$G$2:$G$500,'Données sites'!$D$2:$D$500,$A$84,'Données sites'!$E$2:$E$500,$B85,'Données sites'!$F$2:$F$500,$C85) -> 100 | F85: =IFERROR(E85/D85,0) -> 100
B86: Mayo-Banyo | C86: Bankim | D86: =COUNTIFS('Données sites'!$D$2:$D$500,$A$84,'Données sites'!$E$2:$E$500,$B86,'Données sites'!$F$2:$F$500,$C86) -> 10 | E86: =SUMIFS('Données sites'!$G$2:$G$500,'Données sites'!$D$2:$D$500,$A$84,'Données sites'!$E$2:$E$500,$B86,'Données sites'!$F$2:$F$500,$C86) -> 750.4 | F86: =IFERROR(E86/D86,0) -> 75.04
B87: Mayo-Banyo | C87: Banyo | D87: =COUNTIFS('Données sites'!$D$2:$D$500,$A$84,'Données sites'!$E$2:$E$500,$B87,'Données sites'!$F$2:$F$500,$C87) -> 8 | E87: =SUMIFS('Données sites'!$G$2:$G$500,'Données sites'!$D$2:$D$500,$A$84,'Données sites'!$E$2:$E$500,$B87,'Données sites'!$F$2:$F$500,$C87) -> 567.4 | F87: =IFERROR(E87/D87,0) -> 70.925
B88: Mayo-Banyo | C88: Mayo-Darle | D88: =COUNTIFS('Données sites'!$D$2:$D$500,$A$84,'Données sites'!$E$2:$E$500,$B88,'Données sites'!$F$2:$F$500,$C88) -> 3 | E88: =SUMIFS('Données sites'!$G$2:$G$500,'Données sites'!$D$2:$D$500,$A$84,'Données sites'!$E$2:$E$500,$B88,'Données sites'!$F$2:$F$500,$C88) -> 301.4 | F88: =IFERROR(E88/D88,0) -> 100.46667
B89: Mbéré | C89: Dir | D89: =COUNTIFS('Données sites'!$D$2:$D$500,$A$84,'Données sites'!$E$2:$E$500,$B89,'Données sites'!$F$2:$F$500,$C89) -> 3 | E89: =SUMIFS('Données sites'!$G$2:$G$500,'Données sites'!$D$2:$D$500,$A$84,'Données sites'!$E$2:$E$500,$B89,'Données sites'!$F$2:$F$500,$C89) -> 262 | F89: =IFERROR(E89/D89,0) -> 87.333333
B90: Mbéré | C90: Djohong | D90: =COUNTIFS('Données sites'!$D$2:$D$500,$A$84,'Données sites'!$E$2:$E$500,$B90,'Données sites'!$F$2:$F$500,$C90) -> 3 | E90: =SUMIFS('Données sites'!$G$2:$G$500,'Données sites'!$D$2:$D$500,$A$84,'Données sites'!$E$2:$E$500,$B90,'Données sites'!$F$2:$F$500,$C90) -> 214 | F90: =IFERROR(E90/D90,0) -> 71.333333
B91: Mbéré | C91: Meiganga | D91: =COUNTIFS('Données sites'!$D$2:$D$500,$A$84,'Données sites'!$E$2:$E$500,$B91,'Données sites'!$F$2:$F$500,$C91) -> 4 | E91: =SUMIFS('Données sites'!$G$2:$G$500,'Données sites'!$D$2:$D$500,$A$84,'Données sites'!$E$2:$E$500,$B91,'Données sites'!$F$2:$F$500,$C91) -> 342 | F91: =IFERROR(E91/D91,0) -> 85.5
B92: Mbéré | C92: Ngaoui | D92: =COUNTIFS('Données sites'!$D$2:$D$500,$A$84,'Données sites'!$E$2:$E$500,$B92,'Données sites'!$F$2:$F$500,$C92) -> 3 | E92: =SUMIFS('Données sites'!$G$2:$G$500,'Données sites'!$D$2:$D$500,$A$84,'Données sites'!$E$2:$E$500,$B92,'Données sites'!$F$2:$F$500,$C92) -> 191 | F92: =IFERROR(E92/D92,0) -> 63.666667
B93: Faro-et-Déo | C93: Galim Tignere | D93: =COUNTIFS('Données sites'!$D$2:$D$500,$A$84,'Données sites'!$E$2:$E$500,$B93,'Données sites'!$F$2:$F$500,$C93) -> 1 | E93: =SUMIFS('Données sites'!$G$2:$G$500,'Données sites'!$D$2:$D$500,$A$84,'Données sites'!$E$2:$E$500,$B93,'Données sites'!$F$2:$F$500,$C93) -> 54 | F93: =IFERROR(E93/D93,0) -> 54
B94: Faro-et-Déo | C94: Galim-Tignere | D94: =COUNTIFS('Données sites'!$D$2:$D$500,$A$84,'Données sites'!$E$2:$E$500,$B94,'Données sites'!$F$2:$F$500,$C94) -> 1 | E94: =SUMIFS('Données sites'!$G$2:$G$500,'Données sites'!$D$2:$D$500,$A$84,'Données sites'!$E$2:$E$500,$B94,'Données sites'!$F$2:$F$500,$C94) -> 183.6 | F94: =IFERROR(E94/D94,0) -> 183.6
B95: Faro-et-Déo | C95: Galim-Tignère | D95: =COUNTIFS('Données sites'!$D$2:$D$500,$A$84,'Données sites'!$E$2:$E$500,$B95,'Données sites'!$F$2:$F$500,$C95) -> 1 | E95: =SUMIFS('Données sites'!$G$2:$G$500,'Données sites'!$D$2:$D$500,$A$84,'Données sites'!$E$2:$E$500,$B95,'Données sites'!$F$2:$F$500,$C95) -> 80 | F95: =IFERROR(E95/D95,0) -> 80
B96: Faro-et-Déo | C96: Kontcha | D96: =COUNTIFS('Données sites'!$D$2:$D$500,$A$84,'Données sites'!$E$2:$E$500,$B96,'Données sites'!$F$2:$F$500,$C96) -> 1 | E96: =SUMIFS('Données sites'!$G$2:$G$500,'Données sites'!$D$2:$D$500,$A$84,'Données sites'!$E$2:$E$500,$B96,'Données sites'!$F$2:$F$500,$C96) -> 32.4 | F96: =IFERROR(E96/D96,0) -> 32.4
... B105: Vina | C105: Ngan-ha | D105: =COUNTIFS('Données sites'!$D$2:$D$500,$A$84,'Données sites'!$E$2:$E$500,$B105,'Données sites'!$F$2:$F$500,$C105) -> 1 | E105: =SUMIFS('Données sites'!$G$2:$G$500,'Données sites'!$D$2:$D$500,$A$84,'Données sites'!$E$2:$E$500,$B105,'Données sites'!$F$2:$F$500,$C105) -> 80 | F105: =IFERROR(E105/D105,0) -> 80
A106: Est | D106: =COUNTIFS('Données sites'!$D$2:$D$500,$A106) -> 49 | E106: =SUMIFS('Données sites'!$G$2:$G$500,'Données sites'!$D$2:$D$500,$A106) -> 3672 | F106: =IFERROR(E106/D106,0) -> 74.938776
B107: Haut-Nyong | C107: Abong Mbang | D107: =COUNTIFS('Données sites'!$D$2:$D$500,$A$106,'Données sites'!$E$2:$E$500,$B107,'Données sites'!$F$2:$F$500,$C107) -> 2 | E107: =SUMIFS('Données sites'!$G$2:$G$500,'Données sites'!$D$2:$D$500,$A$106,'Données sites'!$E$2:$E$500,$B107,'Données sites'!$F$2:$F$500,$C107) -> 113.4 | F107: =IFERROR(E107/D107,0) -> 56.7
B108: Haut-Nyong | C108: Abongmbang | D108: =COUNTIFS('Données sites'!$D$2:$D$500,$A$106,'Données sites'!$E$2:$E$500,$B108,'Données sites'!$F$2:$F$500,$C108) -> 1 | E108: =SUMIFS('Données sites'!$G$2:$G$500,'Données sites'!$D$2:$D$500,$A$106,'Données sites'!$E$2:$E$500,$B108,'Données sites'!$F$2:$F$500,$C108) -> 54 | F108: =IFERROR(E108/D108,0) -> 54
B109: Haut-Nyong | C109: Angossas | D109: =COUNTIFS('Données sites'!$D$2:$D$500,$A$106,'Données sites'!$E$2:$E$500,$B109,'Données sites'!$F$2:$F$500,$C109) -> 1 | E109: =SUMIFS('Données sites'!$G$2:$G$500,'Données sites'!$D$2:$D$500,$A$106,'Données sites'!$E$2:$E$500,$B109,'Données sites'!$F$2:$F$500,$C109) -> 140.4 | F109: =IFERROR(E109/D109,0) -> 140.4
B110: Haut-Nyong | C110: Atock | D110: =COUNTIFS('Données sites'!$D$2:$D$500,$A$106,'Données sites'!$E$2:$E$500,$B110,'Données sites'!$F$2:$F$500,$C110) -> 1 | E110: =SUMIFS('Données sites'!$G$2:$G$500,'Données sites'!$D$2:$D$500,$A$106,'Données sites'!$E$2:$E$500,$B110,'Données sites'!$F$2:$F$500,$C110) -> 32.4 | F110: =IFERROR(E110/D110,0) -> 32.4
B111: Haut-Nyong | C111: Atok | D111: =COUNTIFS('Données sites'!$D$2:$D$500,$A$106,'Données sites'!$E$2:$E$500,$B111,'Données sites'!$F$2:$F$500,$C111) -> 1 | E111: =SUMIFS('Données sites'!$G$2:$G$500,'Données sites'!$D$2:$D$500,$A$106,'Données sites'!$E$2:$E$500,$B111,'Données sites'!$F$2:$F$500,$C111) -> 54 | F111: =IFERROR(E111/D111,0) -> 54
B112: Haut-Nyong | C112: Dimako | D112: =COUNTIFS('Données sites'!$D$2:$D$500,$A$106,'Données sites'!$E$2:$E$500,$B112,'Données sites'!$F$2:$F$500,$C112) -> 1 | E112: =SUMIFS('Données sites'!$G$2:$G$500,'Données sites'!$D$2:$D$500,$A$106,'Données sites'!$E$2:$E$500,$B112,'Données sites'!$F$2:$F$500,$C112) -> 54 | F112: =IFERROR(E112/D112,0) -> 54
B113: Haut-Nyong | C113: Doumaintang | D113: =COUNTIFS('Données sites'!$D$2:$D$500,$A$106,'Données sites'!$E$2:$E$500,$B113,'Données sites'!$F$2:$F$500,$C113) -> 3 | E113: =SUMIFS('Données sites'!$G$2:$G$500,'Données sites'!$D$2:$D$500,$A$106,'Données sites'!$E$2:$E$500,$B113,'Données sites'!$F$2:$F$500,$C113) -> 254 | F113: =IFERROR(E113/D113,0) -> 84.666667
B114: Haut-Nyong | C114: Doume | D114: =COUNTIFS('Données sites'!$D$2:$D$500,$A$106,'Données sites'!$E$2:$E$500,$B114,'Données sites'!$F$2:$F$500,$C114) -> 1 | E114: =SUMIFS('Données sites'!$G$2:$G$500,'Données sites'!$D$2:$D$500,$A$106,'Données sites'!$E$2:$E$500,$B114,'Données sites'!$F$2:$F$500,$C114) -> 32.4 | F114: =IFERROR(E114/D114,0) -> 32.4
B115: Haut-Nyong | C115: Lomie | D115: =COUNTIFS('Données sites'!$D$2:$D$500,$A$106,'Données sites'!$E$2:$E$500,$B115,'Données sites'!$F$2:$F$500,$C115) -> 3 | E115: =SUMIFS('Données sites'!$G$2:$G$500,'Données sites'!$D$2:$D$500,$A$106,'Données sites'!$E$2:$E$500,$B115,'Données sites'!$F$2:$F$500,$C115) -> 97.2 | F115: =IFERROR(E115/D115,0) -> 32.4
B116: Haut-Nyong | C116: Mboma | D116: =COUNTIFS('Données sites'!$D$2:$D$500,$A$106,'Données sites'!$E$2:$E$500,$B116,'Données sites'!$F$2:$F$500,$C116) -> 1 | E116: =SUMIFS('Données sites'!$G$2:$G$500,'Données sites'!$D$2:$D$500,$A$106,'Données sites'!$E$2:$E$500,$B116,'Données sites'!$F$2:$F$500,$C116) -> 21.6 | F116: =IFERROR(E116/D116,0) -> 21.6
B117: Haut-Nyong | C117: Messamena | D117: =COUNTIFS('Données sites'!$D$2:$D$500,$A$106,'Données sites'!$E$2:$E$500,$B117,'Données sites'!$F$2:$F$500,$C117) -> 1 | E117: =SUMIFS('Données sites'!$G$2:$G$500,'Données sites'!$D$2:$D$500,$A$106,'Données sites'!$E$2:$E$500,$B117,'Données sites'!$F$2:$F$500,$C117) -> 50 | F117: =IFERROR(E117/D117,0) -> 50
B118: Haut-Nyong | C118: Messok | D118: =COUNTIFS('Données sites'!$D$2:$D$500,$A$106,'Données sites'!$E$2:$E$500,$B118,'Données sites'!$F$2:$F$500,$C118) -> 1 | E118: =SUMIFS('Données sites'!$G$2:$G$500,'Données sites'!$D$2:$D$500,$A$106,'Données sites'!$E$2:$E$500,$B118,'Données sites'!$F$2:$F$500,$C118) -> 97.2 | F118: =IFERROR(E118/D118,0) -> 97.2
... B136: Belabo | C136: Lom et Ajerm | D136: =COUNTIFS('Données sites'!$D$2:$D$500,$A$106,'Données sites'!$E$2:$E$500,$B136,'Données sites'!$F$2:$F$500,$C136) -> 1 | E136: =SUMIFS('Données sites'!$G$2:$G$500,'Données sites'!$D$2:$D$500,$A$106,'Données sites'!$E$2:$E$500,$B136,'Données sites'!$F$2:$F$500,$C136) -> 50 | F136: =IFERROR(E136/D136,0) -> 50
A137: Nord | D137: =COUNTIFS('Données sites'!$D$2:$D$500,$A137) -> 46 | E137: =SUMIFS('Données sites'!$G$2:$G$500,'Données sites'!$D$2:$D$500,$A137) -> 4341 | F137: =IFERROR(E137/D137,0) -> 94.369565
B138: Mayo-Rey | C138: Beka | D138: =COUNTIFS('Données sites'!$D$2:$D$500,$A$137,'Données sites'!$E$2:$E$500,$B138,'Données sites'!$F$2:$F$500,$C138) -> 1 | E138: =SUMIFS('Données sites'!$G$2:$G$500,'Données sites'!$D$2:$D$500,$A$137,'Données sites'!$E$2:$E$500,$B138,'Données sites'!$F$2:$F$500,$C138) -> 97.2 | F138: =IFERROR(E138/D138,0) -> 97.2
B139: Mayo-Rey | C139: Madingring | D139: =COUNTIFS('Données sites'!$D$2:$D$500,$A$137,'Données sites'!$E$2:$E$500,$B139,'Données sites'!$F$2:$F$500,$C139) -> 2 | E139: =SUMIFS('Données sites'!$G$2:$G$500,'Données sites'!$D$2:$D$500,$A$137,'Données sites'!$E$2:$E$500,$B139,'Données sites'!$F$2:$F$500,$C139) -> 230 | F139: =IFERROR(E139/D139,0) -> 115
B140: Mayo-Rey | C140: Rey Bouba | D140: =COUNTIFS('Données sites'!$D$2:$D$500,$A$137,'Données sites'!$E$2:$E$500,$B140,'Données sites'!$F$2:$F$500,$C140) -> 2 | E140: =SUMIFS('Données sites'!$G$2:$G$500,'Données sites'!$D$2:$D$500,$A$137,'Données sites'!$E$2:$E$500,$B140,'Données sites'!$F$2:$F$500,$C140) -> 221.4 | F140: =IFERROR(E140/D140,0) -> 110.7
B141: Mayo-Rey | C141: Rey-Bouba | D141: =COUNTIFS('Données sites'!$D$2:$D$500,$A$137,'Données sites'!$E$2:$E$500,$B141,'Données sites'!$F$2:$F$500,$C141) -> 1 | E141: =SUMIFS('Données sites'!$G$2:$G$500,'Données sites'!$D$2:$D$500,$A$137,'Données sites'!$E$2:$E$500,$B141,'Données sites'!$F$2:$F$500,$C141) -> 80 | F141: =IFERROR(E141/D141,0) -> 80
B142: Mayo-Rey | C142: Tchollire | D142: =COUNTIFS('Données sites'!$D$2:$D$500,$A$137,'Données sites'!$E$2:$E$500,$B142,'Données sites'!$F$2:$F$500,$C142) -> 4 | E142: =SUMIFS('Données sites'!$G$2:$G$500,'Données sites'!$D$2:$D$500,$A$137,'Données sites'!$E$2:$E$500,$B142,'Données sites'!$F$2:$F$500,$C142) -> 397.6 | F142: =IFERROR(E142/D142,0) -> 99.4
B143: Mayo-Rey | C143: Tcholliré | D143: =COUNTIFS('Données sites'!$D$2:$D$500,$A$137,'Données sites'!$E$2:$E$500,$B143,'Données sites'!$F$2:$F$500,$C143) -> 2 | E143: =SUMIFS('Données sites'!$G$2:$G$500,'Données sites'!$D$2:$D$500,$A$137,'Données sites'!$E$2:$E$500,$B143,'Données sites'!$F$2:$F$500,$C143) -> 194.4 | F143: =IFERROR(E143/D143,0) -> 97.2
B144: Mayo-Rey | C144: Touboro | D144: =COUNTIFS('Données sites'!$D$2:$D$500,$A$137,'Données sites'!$E$2:$E$500,$B144,'Données sites'!$F$2:$F$500,$C144) -> 4 | E144: =SUMIFS('Données sites'!$G$2:$G$500,'Données sites'!$D$2:$D$500,$A$137,'Données sites'!$E$2:$E$500,$B144,'Données sites'!$F$2:$F$500,$C144) -> 380.4 | F144: =IFERROR(E144/D144,0) -> 95.1
B145: Benoue | C145: Bibemi | D145: =COUNTIFS('Données sites'!$D$2:$D$500,$A$137,'Données sites'!$E$2:$E$500,$B145,'Données sites'!$F$2:$F$500,$C145) -> 3 | E145: =SUMIFS('Données sites'!$G$2:$G$500,'Données sites'!$D$2:$D$500,$A$137,'Données sites'!$E$2:$E$500,$B145,'Données sites'!$F$2:$F$500,$C145) -> 378 | F145: =IFERROR(E145/D145,0) -> 126
B146: Benoue | C146: Lagdo | D146: =COUNTIFS('Données sites'!$D$2:$D$500,$A$137,'Données sites'!$E$2:$E$500,$B146,'Données sites'!$F$2:$F$500,$C146) -> 3 | E146: =SUMIFS('Données sites'!$G$2:$G$500,'Données sites'!$D$2:$D$500,$A$137,'Données sites'!$E$2:$E$500,$B146,'Données sites'!$F$2:$F$500,$C146) -> 378 | F146: =IFERROR(E146/D146,0) -> 126
B147: Benoue | C147: Pitoa | D147: =COUNTIFS('Données sites'!$D$2:$D$500,$A$137,'Données sites'!$E$2:$E$500,$B147,'Données sites'!$F$2:$F$500,$C147) -> 4 | E147: =SUMIFS('Données sites'!$G$2:$G$500,'Données sites'!$D$2:$D$500,$A$137,'Données sites'!$E$2:$E$500,$B147,'Données sites'!$F$2:$F$500,$C147) -> 399.6 | F147: =IFERROR(E147/D147,0) -> 99.9
B148: Mayo-Louti | C148: Figuil | D148: =COUNTIFS('Données sites'!$D$2:$D$500,$A$137,'Données sites'!$E$2:$E$500,$B148,'Données sites'!$F$2:$F$500,$C148) -> 1 | E148: =SUMIFS('Données sites'!$G$2:$G$500,'Données sites'!$D$2:$D$500,$A$137,'Données sites'!$E$2:$E$500,$B148,'Données sites'!$F$2:$F$500,$C148) -> 54 | F148: =IFERROR(E148/D148,0) -> 54
B149: Mayo-Louti | C149: Guider | D149: =COUNTIFS('Données sites'!$D$2:$D$500,$A$137,'Données sites'!$E$2:$E$500,$B149,'Données sites'!$F$2:$F$500,$C149) -> 6 | E149: =SUMIFS('Données sites'!$G$2:$G$500,'Données sites'!$D$2:$D$500,$A$137,'Données sites'!$E$2:$E$500,$B149,'Données sites'!$F$2:$F$500,$C149) -> 427.4 | F149: =IFERROR(E149/D149,0) -> 71.233333
... B159: Benoué | C159: Pitoa | D159: =COUNTIFS('Données sites'!$D$2:$D$500,$A$137,'Données sites'!$E$2:$E$500,$B159,'Données sites'!$F$2:$F$500,$C159) -> 1 | E159: =SUMIFS('Données sites'!$G$2:$G$500,'Données sites'!$D$2:$D$500,$A$137,'Données sites'!$E$2:$E$500,$B159,'Données sites'!$F$2:$F$500,$C159) -> 81 | F159: =IFERROR(E159/D159,0) -> 81
A160: Littoral | D160: =COUNTIFS('Données sites'!$D$2:$D$500,$A160) -> 42 | E160: =SUMIFS('Données sites'!$G$2:$G$500,'Données sites'!$D$2:$D$500,$A160) -> 2084.6 | F160: =IFERROR(E160/D160,0) -> 49.633333
B161: Sanaga-Maritime | C161: Edea 1 | D161: =COUNTIFS('Données sites'!$D$2:$D$500,$A$160,'Données sites'!$E$2:$E$500,$B161,'Données sites'!$F$2:$F$500,$C161) -> 2 | E161: =SUMIFS('Données sites'!$G$2:$G$500,'Données sites'!$D$2:$D$500,$A$160,'Données sites'!$E$2:$E$500,$B161,'Données sites'!$F$2:$F$500,$C161) -> 86.4 | F161: =IFERROR(E161/D161,0) -> 43.2
B162: Sanaga-Maritime | C162: Edea II | D162: =COUNTIFS('Données sites'!$D$2:$D$500,$A$160,'Données sites'!$E$2:$E$500,$B162,'Données sites'!$F$2:$F$500,$C162) -> 1 | E162: =SUMIFS('Données sites'!$G$2:$G$500,'Données sites'!$D$2:$D$500,$A$160,'Données sites'!$E$2:$E$500,$B162,'Données sites'!$F$2:$F$500,$C162) -> 21.6 | F162: =IFERROR(E162/D162,0) -> 21.6
B163: Sanaga-Maritime | C163: Massock Songloulou | D163: =COUNTIFS('Données sites'!$D$2:$D$500,$A$160,'Données sites'!$E$2:$E$500,$B163,'Données sites'!$F$2:$F$500,$C163) -> 2 | E163: =SUMIFS('Données sites'!$G$2:$G$500,'Données sites'!$D$2:$D$500,$A$160,'Données sites'!$E$2:$E$500,$B163,'Données sites'!$F$2:$F$500,$C163) -> 54 | F163: =IFERROR(E163/D163,0) -> 27
B164: Sanaga-Maritime | C164: Massok | D164: =COUNTIFS('Données sites'!$D$2:$D$500,$A$160,'Données sites'!$E$2:$E$500,$B164,'Données sites'!$F$2:$F$500,$C164) -> 1 | E164: =SUMIFS('Données sites'!$G$2:$G$500,'Données sites'!$D$2:$D$500,$A$160,'Données sites'!$E$2:$E$500,$B164,'Données sites'!$F$2:$F$500,$C164) -> 32.4 | F164: =IFERROR(E164/D164,0) -> 32.4
B165: Sanaga-Maritime | C165: Massok Songloulou | D165: =COUNTIFS('Données sites'!$D$2:$D$500,$A$160,'Données sites'!$E$2:$E$500,$B165,'Données sites'!$F$2:$F$500,$C165) -> 1 | E165: =SUMIFS('Données sites'!$G$2:$G$500,'Données sites'!$D$2:$D$500,$A$160,'Données sites'!$E$2:$E$500,$B165,'Données sites'!$F$2:$F$500,$C165) -> 54 | F165: =IFERROR(E165/D165,0) -> 54
B166: Sanaga-Maritime | C166: Massok-Songloulou | D166: =COUNTIFS('Données sites'!$D$2:$D$500,$A$160,'Données sites'!$E$2:$E$500,$B166,'Données sites'!$F$2:$F$500,$C166) -> 1 | E166: =SUMIFS('Données sites'!$G$2:$G$500,'Données sites'!$D$2:$D$500,$A$160,'Données sites'!$E$2:$E$500,$B166,'Données sites'!$F$2:$F$500,$C166) -> 21.6 | F166: =IFERROR(E166/D166,0) -> 21.6
B167: Sanaga-Maritime | C167: Mouanko | D167: =COUNTIFS('Données sites'!$D$2:$D$500,$A$160,'Données sites'!$E$2:$E$500,$B167,'Données sites'!$F$2:$F$500,$C167) -> 2 | E167: =SUMIFS('Données sites'!$G$2:$G$500,'Données sites'!$D$2:$D$500,$A$160,'Données sites'!$E$2:$E$500,$B167,'Données sites'!$F$2:$F$500,$C167) -> 95 | F167: =IFERROR(E167/D167,0) -> 47.5
B168: Sanaga-Maritime | C168: Ndom | D168: =COUNTIFS('Données sites'!$D$2:$D$500,$A$160,'Données sites'!$E$2:$E$500,$B168,'Données sites'!$F$2:$F$500,$C168) -> 3 | E168: =SUMIFS('Données sites'!$G$2:$G$500,'Données sites'!$D$2:$D$500,$A$160,'Données sites'!$E$2:$E$500,$B168,'Données sites'!$F$2:$F$500,$C168) -> 135 | F168: =IFERROR(E168/D168,0) -> 45
B169: Sanaga-Maritime | C169: Ngwei | D169: =COUNTIFS('Données sites'!$D$2:$D$500,$A$160,'Données sites'!$E$2:$E$500,$B169,'Données sites'!$F$2:$F$500,$C169) -> 4 | E169: =SUMIFS('Données sites'!$G$2:$G$500,'Données sites'!$D$2:$D$500,$A$160,'Données sites'!$E$2:$E$500,$B169,'Données sites'!$F$2:$F$500,$C169) -> 289.6 | F169: =IFERROR(E169/D169,0) -> 72.4
B170: Sanaga-Maritime | C170: Ngwei I | D170: =COUNTIFS('Données sites'!$D$2:$D$500,$A$160,'Données sites'!$E$2:$E$500,$B170,'Données sites'!$F$2:$F$500,$C170) -> 3 | E170: =SUMIFS('Données sites'!$G$2:$G$500,'Données sites'!$D$2:$D$500,$A$160,'Données sites'!$E$2:$E$500,$B170,'Données sites'!$F$2:$F$500,$C170) -> 189 | F170: =IFERROR(E170/D170,0) -> 63
B171: Sanaga-Maritime | C171: Nyanon | D171: =COUNTIFS('Données sites'!$D$2:$D$500,$A$160,'Données sites'!$E$2:$E$500,$B171,'Données sites'!$F$2:$F$500,$C171) -> 2 | E171: =SUMIFS('Données sites'!$G$2:$G$500,'Données sites'!$D$2:$D$500,$A$160,'Données sites'!$E$2:$E$500,$B171,'Données sites'!$F$2:$F$500,$C171) -> 43.2 | F171: =IFERROR(E171/D171,0) -> 21.6
B172: Sanaga-Maritime | C172: massock-Songloulou | D172: =COUNTIFS('Données sites'!$D$2:$D$500,$A$160,'Données sites'!$E$2:$E$500,$B172,'Données sites'!$F$2:$F$500,$C172) -> 1 | E172: =SUMIFS('Données sites'!$G$2:$G$500,'Données sites'!$D$2:$D$500,$A$160,'Données sites'!$E$2:$E$500,$B172,'Données sites'!$F$2:$F$500,$C172) -> 80 | F172: =IFERROR(E172/D172,0) -> 80
... B181: Wouri | C181: Douala 4 | D181: =COUNTIFS('Données sites'!$D$2:$D$500,$A$160,'Données sites'!$E$2:$E$500,$B181,'Données sites'!$F$2:$F$500,$C181) -> 1 | E181: =SUMIFS('Données sites'!$G$2:$G$500,'Données sites'!$D$2:$D$500,$A$160,'Données sites'!$E$2:$E$500,$B181,'Données sites'!$F$2:$F$500,$C181) -> 54 | F181: =IFERROR(E181/D181,0) -> 54
A182: Nord-Ouest | D182: =COUNTIFS('Données sites'!$D$2:$D$500,$A182) -> 40 | E182: =SUMIFS('Données sites'!$G$2:$G$500,'Données sites'!$D$2:$D$500,$A182) -> 2478.8 | F182: =IFERROR(E182/D182,0) -> 61.97
B183: Momo | C183: Andek | D183: =COUNTIFS('Données sites'!$D$2:$D$500,$A$182,'Données sites'!$E$2:$E$500,$B183,'Données sites'!$F$2:$F$500,$C183) -> 2 | E183: =SUMIFS('Données sites'!$G$2:$G$500,'Données sites'!$D$2:$D$500,$A$182,'Données sites'!$E$2:$E$500,$B183,'Données sites'!$F$2:$F$500,$C183) -> 160 | F183: =IFERROR(E183/D183,0) -> 80
B184: Momo | C184: Batibo | D184: =COUNTIFS('Données sites'!$D$2:$D$500,$A$182,'Données sites'!$E$2:$E$500,$B184,'Données sites'!$F$2:$F$500,$C184) -> 2 | E184: =SUMIFS('Données sites'!$G$2:$G$500,'Données sites'!$D$2:$D$500,$A$182,'Données sites'!$E$2:$E$500,$B184,'Données sites'!$F$2:$F$500,$C184) -> 160 | F184: =IFERROR(E184/D184,0) -> 80
B185: Momo | C185: Mbengwi | D185: =COUNTIFS('Données sites'!$D$2:$D$500,$A$182,'Données sites'!$E$2:$E$500,$B185,'Données sites'!$F$2:$F$500,$C185) -> 3 | E185: =SUMIFS('Données sites'!$G$2:$G$500,'Données sites'!$D$2:$D$500,$A$182,'Données sites'!$E$2:$E$500,$B185,'Données sites'!$F$2:$F$500,$C185) -> 86.4 | F185: =IFERROR(E185/D185,0) -> 28.8
B186: Momo | C186: Ngie | D186: =COUNTIFS('Données sites'!$D$2:$D$500,$A$182,'Données sites'!$E$2:$E$500,$B186,'Données sites'!$F$2:$F$500,$C186) -> 2 | E186: =SUMIFS('Données sites'!$G$2:$G$500,'Données sites'!$D$2:$D$500,$A$182,'Données sites'!$E$2:$E$500,$B186,'Données sites'!$F$2:$F$500,$C186) -> 180 | F186: =IFERROR(E186/D186,0) -> 90
B187: Momo | C187: Ngir | D187: =COUNTIFS('Données sites'!$D$2:$D$500,$A$182,'Données sites'!$E$2:$E$500,$B187,'Données sites'!$F$2:$F$500,$C187) -> 1 | E187: =SUMIFS('Données sites'!$G$2:$G$500,'Données sites'!$D$2:$D$500,$A$182,'Données sites'!$E$2:$E$500,$B187,'Données sites'!$F$2:$F$500,$C187) -> 100 | F187: =IFERROR(E187/D187,0) -> 100
...

Sheet Données sites
A1: Phase | B1: N° | C1: Nom du site | D1: Région | E1: Département | F1: Arrondissement | G1: Puissance (kWc) | H1: Latitude (N) | I1: Longitude (E) | J1: Antenne proposée
A2: Phase 2 | B2: 3 | C2: Danfili | D2: Adamaoua | E2: Djerem | F2: Ngaoundal | G2: 183.6 | H2: 6.6004 | I2: 13.00881 | J2: Antenne Ngaoundéré
A3: Phase 2 | B3: 2 | C3: Daber | D3: Adamaoua | E3: Djerem | F3: Tibati | G3: 81 | H3: 6.61549 | I3: 12.09635 | J3: Antenne Ngaoundéré
A4: Phase 2 | B4: 7 | C4: Mbamti-Katarko | D4: Adamaoua | E4: Djerem | F4: Tibati | G4: 32.4 | H4: 6.68185 | I4: 12.02323 | J4: Antenne Ngaoundéré
A5: Phase 1 | B5: 1 | C5: Mbella Assom | D5: Adamaoua | E5: Djerem | F5: Tibati | G5: 30 | H5: 6.6092167 | I5: 12.985233 | J5: Antenne Ngaoundéré
A6: Phase 3 | B6: 2 | C6: Minam | D6: Adamaoua | E6: Djerem | F6: Tibati | G6: 81 | H6: 6.971452 | I6: 12.872891 | J6: Antenne Ngaoundéré
A7: Phase 2 | B7: 9 | C7: Tongo | D7: Adamaoua | E7: Djerem | F7: Tibati | G7: 81 | H7: 6.59072 | I7: 12.249 | J7: Antenne Ngaoundéré
A8: Phase 3 | B8: 5 | C8: Lompta | D8: Adamaoua | E8: Faro-et-Déo | F8: Galim Tignere | G8: 54 | H8: 7.052538 | I8: 12.523423 | J8: Antenne Ngaoundéré
A9: Phase 2 | B9: 5 | C9: Doualayel | D9: Adamaoua | E9: Faro-et-Déo | F9: Galim-Tignere | G9: 183.6 | H9: 7.01107 | I9: 12.65258 | J9: Antenne Ngaoundéré
A10: Phase 1 | B10: 8 | C10: Galim-Tignere | D10: Adamaoua | E10: Faro-et-Déo | F10: Galim-Tignère | G10: 80 | H10: 7.1074 | I10: 12.4704 | J10: Antenne Ngaoundéré
A11: Phase 3 | B11: 12 | C11: Gadamayo | D11: Adamaoua | E11: Faro-et-Déo | F11: Kontcha | G11: 32.4 | H11: 7.955817 | I11: 12.252276 | J11: Antenne Ngaoundéré
A12: Phase 1 | B12: 18 | C12: Alme | D12: Adamaoua | E12: Faro-et-Déo | F12: Mayo-Baléo | G12: 80 | H12: 7.8227 | I12: 12.4893 | J12: Antenne Ngaoundéré
A13: Phase 1 | B13: 7 | C13: Mayo-Baleo | D13: Adamaoua | E13: Faro-et-Déo | F13: Mayo-Baléo | G13: 80 | H13: 7.6688167 | I13: 12.3261 | J13: Antenne Ngaoundéré
... A500: Phase 3 | B500: 132 | C500: Ikoti | D500: Sud-Ouest | E500: Ndian | F500: Toko | G500: 32.4 | H500: 5.0478 | I500: 9.111189 | J500: Antenne Limbé

Sheet Organigramme
B1: ORGANIGRAMME DU RÉSEAU D'ANTENNES AER
B2: 4 antennes principales, 5 annexes rattachées. Les effectifs affichés reprennent l'onglet Antennes — Détail solaire.
N4: AGENCE D'ÉLECTRIFICATION RURALE
N6: Siège — Yaoundé
B8: ANTENNE BAMENDA | I8: ANTENNE LIMBÉ | P8: ANTENNE GAROUA | AA8: SIÈGE YAOUNDÉ
B10: Nord-Ouest, Ouest | I10: Littoral, Sud-Ouest | P10: Nord | AA10: Centre
I12: Annexe NKONGSAMBA | N12: Annexe MAROUA | S12: Annexe NGAOUNDÉRÉ | W12: Annexe BERTOUA | AB12: Annexe EBOLOWA
I14: Moungo, Kupé-Manenguba | N14: Extrême-Nord | S14: Adamaoua | W14: Est, Nyong-Mfoumou, Ht-Sanaga | AB14: Sud + Nyong-et-So'o
B17: LÉGENDE
C18: Siège AER
C19: Antenne principale
C20: Annexe (rattachée à une antenne principale)
B22: Chaque annexe est administrativement rattachée à son antenne principale plutôt que de fonctionner de façon autonome : Nkongsamba dépend de Limbé ; Maroua et Ngaoundéré dépendent de Garoua ; Bertoua et Ebolowa dépendent du Siège Yaoundé. Voir l'onglet Antennes — Détail solaire pour le détail chiffré par structure et la vue consolidée par groupe.

Sheet Données - Équipes
A1: EFFECTIFS AER — ÉQUIPES TERRAIN (1 Ingénieur + 2 Techniciens + 1 Chauffeur par équipe)
A2: Personnel additionnel = agent présent sur la zone mais dont le profil ne correspond à aucun des 3 postes-type de l'équipe.
A4: Antenne | B4: Zone | C4: Rôle | D4: Agent affecté | E4: Poste (fichier RH) | F4: Statut | G4: Antenne (rempli) | H4: Région (hypothèse) | I4: Zone (rempli)
A5: Antenne Extreme-Nord | B5: 1 | C5: Ingénieur | D5: — MANQUANT — | F5: MANQUE | G5: Antenne Extreme-Nord | H5: Extrême-Nord | I5: 1
C6: Technicien 1 | D6: YANGAI Bekolo Emmanuel Parfait | E6: Agent de maitrise | F6: OK | G6: Antenne Extreme-Nord | H6: Extrême-Nord | I6: 1
C7: Technicien 2 | D7: ADAMOU Abba Badamassi | E7: Agent de maitrise | F7: OK | G7: Antenne Extreme-Nord | H7: Extrême-Nord | I7: 1
C8: Chauffeur | D8: IBRAHIMA | E8: Chauffeur | F8: OK | G8: Antenne Extreme-Nord | H8: Extrême-Nord | I8: 1
G9: Antenne Extreme-Nord | H9: Extrême-Nord | I9: 1
A10: Antenne Nord | B10: 1 | C10: Ingénieur | D10: DJAWOE Samuel | E10: Ingenieur / CS | F10: OK | G10: Antenne Nord | H10: Nord | I10: 1
C11: Technicien 1 | D11: HAMADOU Mousa | E11: Technicien | F11: OK | G11: Antenne Nord | H11: Nord | I11: 1
C12: Technicien 2 | D12: — MANQUANT — | F12: MANQUE | G12: Antenne Nord | H12: Nord | I12: 1
C13: Chauffeur | D13: — MANQUANT — | F13: MANQUE | G13: Antenne Nord | H13: Nord | I13: 1
G14: Antenne Nord | H14: Nord | I14: 1
A15: Antenne Nord | B15: 2 | C15: Ingénieur | D15: — MANQUANT — | F15: MANQUE | G15: Antenne Nord | H15: Nord | I15: 2
C16: Technicien 1 | D16: ABDOULAYE AWAH Salam | E16: Technicien | F16: OK | G16: Antenne Nord | H16: Nord | I16: 2
C17: Technicien 2 | D17: TIAM TIAGHOUE Valery | E17: Technicien | F17: OK | G17: Antenne Nord | H17: Nord | I17: 2
C18: Chauffeur | D18: CHAMSSOUDINNI Boukar | E18: Chauffeur | F18: OK | G18: Antenne Nord | H18: Nord | I18: 2
G19: Antenne Nord | H19: Nord | I19: 2
A20: Antenne Nord-Ouest | B20: 1 | C20: Ingénieur | D20: TAGNE Duclair | E20: Chef service antenne du Nord | F20: OK | G20: Antenne Nord-Ouest | H20: Nord-Ouest | I20: 1
C21: Technicien 1 | D21: DICOUM Vincent | E21: Technicien | F21: OK | G21: Antenne Nord-Ouest | H21: Nord-Ouest | I21: 1
C22: Technicien 2 | D22: WABILA Patrick | E22: Technicien | F22: OK | G22: Antenne Nord-Ouest | H22: Nord-Ouest | I22: 1
C23: Chauffeur | D23: CHEKO JOHN NFOMBE | E23: Chauffeur | F23: OK | G23: Antenne Nord-Ouest | H23: Nord-Ouest | I23: 1
G24: Antenne Nord-Ouest | H24: Nord-Ouest | I24: 1
A25: Antenne Nord-Ouest | B25: 2 | C25: Ingénieur | D25: — MANQUANT — | F25: MANQUE | G25: Antenne Nord-Ouest | H25: Nord-Ouest | I25: 2
C26: Technicien 1 | D26: NGANGNDI Nelson Ful | E26: Technicien | F26: OK | G26: Antenne Nord-Ouest | H26: Nord-Ouest | I26: 2
C27: Technicien 2 | D27: NGANDI PAUL AYEAH | E27: Agent de maitrise | F27: OK | G27: Antenne Nord-Ouest | H27: Nord-Ouest | I27: 2
C28: Chauffeur | D28: — MANQUANT — | F28: MANQUE | G28: Antenne Nord-Ouest | H28: Nord-Ouest | I28: 2
C29: (additionnel) | D29: HANSON Anyere | E29: Agent de maitrise | F29: PERSONNEL ADDITIONNEL (hors profil-type) | G29: Antenne Nord-Ouest | H29: Nord-Ouest | I29: 2
G30: Antenne Nord-Ouest | H30: Nord-Ouest | I30: 2
A31: Antenne Nord-Ouest | B31: 3 | C31: Ingénieur | D31: — MANQUANT — | F31: MANQUE | G31: Antenne Nord-Ouest | H31: Nord-Ouest | I31: 3
C32: Technicien 1 | D32: NDIKEBAH DIVINE MAWOH | E32: Agent de maitrise | F32: OK | G32: Antenne Nord-Ouest | H32: Nord-Ouest | I32: 3
C33: Technicien 2 | D33: NOUMBISSI TEKEM HERMAN | E33: Technicien | F33: OK | G33: Antenne Nord-Ouest | H33: Nord-Ouest | I33: 3
C34: Chauffeur | D34: — MANQUANT — | F34: MANQUE | G34: Antenne Nord-Ouest | H34: Nord-Ouest | I34: 3
G35: Antenne Nord-Ouest | H35: Nord-Ouest | I35: 3
A36: Antenne Adamaoua | B36: 1 | C36: Ingénieur | D36: ABOUBAKAR Siddik | E36: Ingenieur | F36: OK | G36: Antenne Adamaoua | H36: Adamaoua | I36: 1
C37: Technicien 1 | D37: ABBA Ilyassa | E37: Technicien | F37: OK | G37: Antenne Adamaoua | H37: Adamaoua | I37: 1
C38: Technicien 2 | D38: — MANQUANT — | F38: MANQUE | G38: Antenne Adamaoua | H38: Adamaoua | I38: 1
C39: Chauffeur | D39: BOUBAKARY Abba Souleymanou | E39: Chauffeur | F39: OK | G39: Antenne Adamaoua | H39: Adamaoua | I39: 1
G40: Antenne Adamaoua | H40: Adamaoua | I40: 1
A41: Antenne Est | B41: 1 | C41: Ingénieur | D41: — MANQUANT — | F41: MANQUE | G41: Antenne Est | H41: Est | I41: 1
C42: Technicien 1 | D42: MBA Bertrand | E42: Technicien | F42: OK | G42: Antenne Est | H42: Est | I42: 1
C43: Technicien 2 | D43: GHOMSI MOTCHEYO | E43: Agent de maitrise | F43: OK | G43: Antenne Est | H43: Est | I43: 1
C44: Chauffeur | D44: ESSIANE NNEMETE Yannick | E44: Chauffeur | F44: OK | G44: Antenne Est | H44: Est | I44: 1
G45: Antenne Est | H45: Est | I45: 1
A46: Antenne Est | B46: 2 | C46: Ingénieur | D46: — MANQUANT — | F46: MANQUE | G46: Antenne Est | H46: Est | I46: 2
C47: Technicien 1 | D47: KANWA Raoul | E47: Technicien | F47: OK | G47: Antenne Est | H47: Est | I47: 2
C48: Technicien 2 | D48: OTUMBU PENDA LIONNEL ERICE | E48: Agent de maitrise | F48: OK | G48: Antenne Est | H48: Est | I48: 2
C49: Chauffeur | D49: NSHIOM Tam Promise | E49: Chauffeur | F49: OK | G49: Antenne Est | H49: Est | I49: 2
G50: Antenne Est | H50: Est | I50: 2
A51: Antenne Sud - Centre | B51: 1 | C51: Ingénieur | D51: AHOUDJA Boris | E51: Ingénieur | F51: OK | G51: Antenne Sud - Centre | H51: Sud & Centre* | I51: 1
C52: Technicien 1 | D52: DOUANLA Djouda Achille | E52: Technicien | F52: OK | G52: Antenne Sud - Centre | H52: Sud & Centre* | I52: 1
C53: Technicien 2 | D53: DJEPAN JUNIOR HONORA | E53: Agent de maitrise | F53: OK | G53: Antenne Sud - Centre | H53: Sud & Centre* | I53: 1
C54: Chauffeur | D54: CHI Belmond NGWA | E54: Chauffeur | F54: OK | G54: Antenne Sud - Centre | H54: Sud & Centre* | I54: 1
G55: Antenne Sud - Centre | H55: Sud & Centre* | I55: 1
A56: Antenne Sud - Centre | B56: 2 | C56: Ingénieur | D56: — MANQUANT — | F56: MANQUE | G56: Antenne Sud - Centre | H56: Sud & Centre* | I56: 2
C57: Technicien 1 | D57: CHENDJOU Gabriel | E57: Technicien | F57: OK | G57: Antenne Sud - Centre | H57: Sud & Centre* | I57: 2
C58: Technicien 2 | D58: EBELLE EBONGUE Steve Yannick | E58: Technicien | F58: OK | G58: Antenne Sud - Centre | H58: Sud & Centre* | I58: 2
C59: Chauffeur | D59: — MANQUANT — | F59: MANQUE | G59: Antenne Sud - Centre | H59: Sud & Centre* | I59: 2
C60: (additionnel) | D60: MBELE Ben Thierry | E60: Employé | F60: PERSONNEL ADDITIONNEL (hors profil-type) | G60: Antenne Sud - Centre | H60: Sud & Centre* | I60: 2
G61: Antenne Sud - Centre | H61: Sud & Centre* | I61: 2
A62: Antenne Sud-Ouest | B62: 1 | C62: Ingénieur | D62: — MANQUANT — | F62: MANQUE | G62: Antenne Sud-Ouest | H62: Sud-Ouest | I62: 1
C63: Technicien 1 | D63: NDONG Roland | E63: Technicien | F63: OK | G63: Antenne Sud-Ouest | H63: Sud-Ouest | I63: 1
C64: Technicien 2 | D64: KENKOH Sylvanus Ngek | E64: Agent de maitrise | F64: OK | G64: Antenne Sud-Ouest | H64: Sud-Ouest | I64: 1
C65: Chauffeur | D65: NJANG Meheyle Jasper | E65: Chauffeur | F65: OK | G65: Antenne Sud-Ouest | H65: Sud-Ouest | I65: 1
G66: Antenne Sud-Ouest | H66: Sud-Ouest | I66: 1
A67: Annexe Sud-Ouest NKONSAMBA | B67: 1 | C67: Ingénieur | D67: — MANQUANT — | F67: MANQUE | G67: Annexe Sud-Ouest NKONSAMBA | H67: Littoral* | I67: 1
C68: Technicien 1 | D68: ATEBA Joseph Desire | E68: Technicien | F68: OK | G68: Annexe Sud-Ouest NKONSAMBA | H68: Littoral* | I68: 1
C69: Technicien 2 | D69: EWANE Wang Romeo | E69: Agent de maitrise | F69: OK | G69: Annexe Sud-Ouest NKONSAMBA | H69: Littoral* | I69: 1
C70: Chauffeur | D70: WANG MBAPPE Serge Eric | E70: Chauffeur | F70: OK | G70: Annexe Sud-Ouest NKONSAMBA | H70: Littoral* | I70: 1
G71: Annexe Sud-Ouest NKONSAMBA | H71: Littoral* | I71: 1
A72: Annexe Sud-Ouest NKONSAMBA | B72: 2 | C72: Ingénieur | D72: — MANQUANT — | F72: MANQUE | G72: Annexe Sud-Ouest NKONSAMBA | H72: Littoral* | I72: 2
C73: Technicien 1 | D73: NSHIOM Nelson | E73: Technicien | F73: OK | G73: Annexe Sud-Ouest NKONSAMBA | H73: Littoral* | I73: 2
C74: Technicien 2 | D74: BAYECK Simon Gautier | E74: Technicien | F74: OK | G74: Annexe Sud-Ouest NKONSAMBA | H74: Littoral* | I74: 2
C75: Chauffeur | D75: EBANDA Abanda Emile | E75: Chauffeur | F75: OK | G75: Annexe Sud-Ouest NKONSAMBA | H75: Littoral* | I75: 2
C76: (additionnel) | D76: MBIPEF HAMZA NCHUHNYUI | E76: Non renseigné | F76: PERSONNEL ADDITIONNEL (hors profil-type) | G76: Annexe Sud-Ouest NKONSAMBA | H76: Littoral* | I76: 2
G77: Annexe Sud-Ouest NKONSAMBA | H77: Littoral* | I77: 2
A78: Siege Yaoundé | B78: 1 | C78: Ingénieur | D78: KANGA Wong Landry | E78: Ingenieur | F78: OK | G78: Siege Yaoundé | H78: Centre (Siège) | I78: 1
C79: Technicien 1 | D79: KAMNANG Kouonang Arnaud | E79: Technicien | F79: OK | G79: Siege Yaoundé | H79: Centre (Siège) | I79: 1
C80: Technicien 2 | D80: — MANQUANT — | F80: MANQUE | G80: Siege Yaoundé | H80: Centre (Siège) | I80: 1
C81: Chauffeur | D81: BANANA Louis Tresor | E81: Chauffeur | F81: OK | G81: Siege Yaoundé | H81: Centre (Siège) | I81: 1
G82: Siege Yaoundé | H82: Centre (Siège) | I82: 1
A83: Siege Yaoundé | B83: 2 | C83: Ingénieur | D83: ARNOLD Musumbe Nsoh Asanji | E83: Ingénieur | F83: OK | G83: Siege Yaoundé | H83: Centre (Siège) | I83: 2
C84: Technicien 1 | D84: BOUBA Bello | E84: Technicien | F84: OK | G84: Siege Yaoundé | H84: Centre (Siège) | I84: 2
C85: Technicien 2 | D85: NDO Ella | E85: Agent de maitrise | F85: OK | G85: Siege Yaoundé | H85: Centre (Siège) | I85: 2
C86: Chauffeur | D86: TABUFOR Emmanuel Abessi | E86: Chauffeur | F86: OK | G86: Siege Yaoundé | H86: Centre (Siège) | I86: 2
G87: Siege Yaoundé | H87: Centre (Siège) | I87: 2
A89: PERSONNEL NON AFFECTÉ À UNE ÉQUIPE (14 agents)
A90: Nom | B90: Poste (fichier RH) | C90: Profil
A91: CHRISTIAN BLONDEL MATEKE EPONGO | B91: CADRE | C91: Autre
A92: FOUDA Biloa Sandrine | B92: Secretaire | C92: Autre
A93: MATEKE Christian Blondel | B93: S/D CIGDE | C93: Autre
A94: MBOG Aime Thierry | B94: S/D MCP | C94: Autre
A95: NGOU Idriss | B95: Informaticien | C95: Autre
A96: NGOUATEU Patrice | B96: S/D Réseau de Distribution | C96: Autre
A97: NGOULA EWOUKI Uriel | B97: Directeur des Energies Renouvelables | C97: Autre
A98: NGUONAM Clement Tangjua | B98: Chef d’Antenne Ouest/ Nord-Ouest | C98: Autre
A99: BEKONGOUE Angoue Donald | B99: Ingenieur | C99: Ingénieur
A100: KOFA BAKEU Christine | B100: Ingénieur | C100: Ingénieur
A101: SIJOCK Gilles Cédric | B101: Ingénieur | C101: Ingénieur
... A104: MENGUE Marie-Therèse | B104: Agent de maitrise | C104: Technicien
